,published_date,trending_date,category_id,channel_title,tags,video_title,views,likes,dislikes,comments,description,channel_id,link,thumbnail,hour_trending
0,2021-01-29T05:00:10Z,2021-01-29T18:00:00Z,10,SelenaGomezVEVO,"['Selena', 'Gomez', 'Baila', 'Conmigo', 'Interscope', 'Records', 'Latin', 'Pop']","Selena Gomez, Rauw Alejandro - Baila Conmigo (Official Video)",6551831,849744,9914,73376,"Escucha ‚ÄòBaila Conmigo,‚Äô disponible ya. // Listen to ‚ÄòBaila Conmigo,‚Äô out now. https://smarturl.it/BailaConmigoSG
REVELACI√ìN estar√° disponible el 12 de marzo. // REVELACI√ìN is out March 12. https://smarturl.it/REVELACIONSG

Shop Selena‚Äôs Official Store: https://smarturl.it/SelenaStore
 
Starring: Kibba and Ariane Aparecida
Directed by Nogari @fernando.nogari
Produced by Iconoclast

Follow Selena:
Instagram: https://www.instagram.com/selenagomez/‚Äã
Twitter: https://twitter.com/selenagomez‚Äã
Facebook: https://www.facebook.com/Selena‚Äã
TikTok: https://www.tiktok.com/@selenagomez‚Äã
YouTube: https://smarturl.it/SelenaYT‚Äã

Follow Rauw:
Instagram: https://www.instagram.com/rauwalejandro‚Äã
Twitter: https://twitter.com/rauwalejandro
Facebook: https://www.facebook.com/rauwalejandro‚Äã 
YouTube: https://www.youtube.com/rauwalejandrotv

Follow Tainy:
Instagram: https://www.instagram.com/tainy/‚Äã
Twitter: https://twitter.com/tainy/‚Äã
Facebook: https://www.facebook.com/TainyOfficial
YouTube: https://www.youtube.com/tainy

Listen on Apple Music: https://smarturl.it/SGEssentials‚Äã
Listen on Spotify: https://smarturl.it/SelenaGomezTheHitsSp

Get exclusive Selena Gomez merch, available at: http://smarturl.it/SelenaStore‚Äã
Sign-up to be the first to hear news from Selena: http://smarturl.it/SelenaGomez.News‚Äã
Best of Selena Gomez https://goo.gl/mgJg2s‚Äã
Selena Gomez Audio https://goo.gl/dmJYbd

Music video by Selena Gomez performing Baila Conmigo. ¬© 2021 Selena Gomez",UCjK8ORC71kwyj1DWFwril_A,https://youtu.be/h5WN3pkxPF0,https://i.ytimg.com/vi/h5WN3pkxPF0/mqdefault.jpg,18
1,2021-01-28T20:00:22Z,2021-01-29T18:00:00Z,26,Mis Pastelitos,"['mis pastelitos', 'mispastelitos', 'eshpeshial', 'mis pastelitos recetas', 'recetas mis pastelitos', 'mis pastelitos receta', 'receta mis pastelitos', 'mis pastelitos pasteles', 'pasteles mis pastelitos', 'mis pastelitos pastel', 'pastel mis pastelitos', 'mis pastelitos nachos', 'nachos mis pastelitos', 'mis pastelitos sombrero', 'sombrero mis pastelitos', 'mis pastelitos sombrero de nachos', 'sombrero de nachos mis pastelitos', 'mi villano favorito sombrero', 'sombrero mi villano favorito', 'mi villano favorito']",SOMBRERO DE NACHOS GIGANTE DE MI VILLANO FAVORITO | MIS PASTELITOS,1056801,95987,1377,9103,"COMPRA MI MANDIL Y LA SUDADERA EN EL SIG. ENLACE üëâhttps://store.gazer73.com/collections/mis-pastelitos

SOMBRERO DE NACHOS GIGANTE DE MI VILLANO FAVORITO | MIS PASTELITOS

COMPARTE EL VIDEO Y DALE ME GUSTA ‚ô•‚ô•‚ô•
SUSCR√çBETE: http://bit.ly/1vOBVyo

‚ô•‚ô•‚ô• S√çGUEME AQU√ç ‚ô•‚ô•‚ô•
Facebook: http://on.fb.me/1q5ZaM0
Twitter: http://bit.ly/1Bay4vW
Instagram: http://bit.ly/1LfV6qd
TikTok: https://bit.ly/2X59Y6E
Snapchat: mispastelitos

VIDEOS ANTERIORES:
REACCIONANDO A MI PRIMER VIDEO: https://youtu.be/e5D3UIRkABM
BOMBA DE CHOCOLATE GIGANTE: https://youtu.be/5P9CSsyDLMg

M√ÅNDAME TU VIDEO DICIENDO ESHPESHIAL AL CORREO:
videomispastelitos@hotmail.com

#MisPastelitos

Si llegas a leer esto comenta aqu√≠ abajito: El sombrero sale en la 1",UCkjjH0hsvaeRIuwGlM9oSvg,https://youtu.be/u9ZwkmZqyk8,https://i.ytimg.com/vi/u9ZwkmZqyk8/mqdefault.jpg,18
2,2021-01-28T23:45:01Z,2021-01-29T18:00:00Z,10,MalumaVEVO,"['maluma', 'maluma 7dj', '7 dias en jamaica', 'maluma 2021', 'peligrosa', 'video oficial peligrosa', 'official video peligrosa', '√°lbum completo 7 dias en jamaica', 'letra peligrosa', 'peligrosa lyrics', 'papi Juancho', 'maluma baby']",Maluma - Peligrosa (Official Video),1859748,128440,2147,3676,"Maluma - Peligrosa (Official Video)

Top Hits: https://smarturl.it/malumatophits
My Channel: https://smarturl.it/ytmaluma

Music:

Apple Music: https://smarturl.it/7DiasEnJamaica/applemusic
Spotify: https://smarturl.it/7DiasEnJamaica/spotify
Amazon: https://smarturl.it/7DiasEnJamaica/az
YouTube: https://smarturl.it/7DiasEnJamaica/youtube
iTunes: https://smarturl.it/7DiasEnJamaica/itunes
Deezer: https://smarturl.it/7DiasEnJamaica/deezer

Official Website: https://maluma.online/
Facebook: http://www.facebook.com/MALUMAMUSIK
Twitter: http://www.twitter.com/maluma
Instagram: http://www.instagram.com/maluma 

#Maluma #Peligrosa #7DJ

Official Music Video by Maluma performing ‚ÄúPeligrosa‚Äù (C) 2021 Sony Music Entertainment US Latin LLC",UCFkoPRmuxqr37jvGmmpzhzQ,https://youtu.be/WdGX5B4eu64,https://i.ytimg.com/vi/WdGX5B4eu64/mqdefault.jpg,18
3,2021-01-29T01:00:11Z,2021-01-29T18:00:00Z,10,ZoeVEVO,"['Zo√©', 'Velur', 'Universal', 'Music', 'Mexico', 'Latin', 'Rock']",Zo√© - Velur,320722,40391,401,2774,"Music video by Zo√© performing Velur. EMI; ¬© 2021 Universal Music Mexico S.A. de C.V.

http://vevo.ly/kMY9qa",UCfKrhcRSXO7W7-0pavvF1OA,https://youtu.be/8t4008DSi5s,https://i.ytimg.com/vi/8t4008DSi5s/mqdefault.jpg,18
4,2021-01-28T23:15:41Z,2021-01-29T18:00:00Z,10,Maluma,"['maluma', 'maluma 7dj', '7 dias en jamaica', 'maluma 2021', '7 D√≠as En Jamaica', 'video oficial 7 D√≠as En Jamaica', 'official video 7 D√≠as En Jamaica', '√°lbum completo 7 dias en jamaica', 'letra 7 D√≠as En Jamaica', '7 D√≠as En Jamaica lyrics', 'papi Juancho', 'maluma baby', 'maluma jamaica', 'maluma ziggy marley', 'maluma charly black', 'ziggy marley', 'ziggy marley 2021', 'charly black 2021', 'tonika', 'la burbuja', 'love', 'chocolate', 'agua de jamaica', 'desayunarte', 'desayun-arte']",Maluma - 7 D√≠as En Jamaica (Official Video),989105,77266,1319,4716,"Maluma - 7 D√≠as En Jamaica (Official Video)

Top Hits: https://smarturl.it/malumatophits
My Channel: https://smarturl.it/ytmaluma

Music:

Apple Music: https://smarturl.it/7DiasEnJamaica/applemusic
Spotify: https://smarturl.it/7DiasEnJamaica/spotify
Amazon: https://smarturl.it/7DiasEnJamaica/az
YouTube: https://smarturl.it/7DiasEnJamaica/youtube
iTunes: https://smarturl.it/7DiasEnJamaica/itunes
Deezer: https://smarturl.it/7DiasEnJamaica/deezer

Official Website: https://maluma.online/
Facebook: http://www.facebook.com/MALUMAMUSIK
Twitter: http://www.twitter.com/maluma
Instagram: http://www.instagram.com/maluma 

#Maluma #7D√≠asEnJamaica #7DJ

Official Music Video by Maluma performing ‚Äú7 D√≠as En Jamaica‚Äù (C) 2021 Sony Music Entertainment US Latin LLC",UClZuKq2m0Qu-HkopkSBLpEw,https://youtu.be/_zUlf_BeY38,https://i.ytimg.com/vi/_zUlf_BeY38/mqdefault.jpg,18
5,2021-01-29T02:00:48Z,2021-01-29T18:00:00Z,24,VlogsPaper,"['Perd√≠ mi iPhone pero lo rastreo', 'vlogspaper', 'luispaperleo', 'entretenimiento', 'comedia', 'experimento', 'perdi mi celular', 'rastreando celular', 'rastreando iphone', 'aventura', 'anecdota', 'anecdotario', 'viral', 'tendencia', 'perdi mi iphone', 'me estafaron', 'me robaron', 'robo', 'rastreando', 'luis paper', 'paper', 'vlogs', 'iphone x', 'iphone 5s']",PERD√ç MI iPhone PERO LO RASTREO (Lo encontr√©) I VlogsPaper,222923,62356,431,3340,"Si no le das like y compartes este v√≠deo se te perder√° tu celular esta semana jejeje ¬øPodremos llegar a 7 likes para m√°s v√≠deos as√≠?. En este v√≠deo Luis de VlogsPaper pierde a prop√≥sito su celular (iPhone 5s) en un lugar p√∫blico para ver quien lo agarra e ir tras de esa persona a recuperarlo... ¬ølo lograr√°?

V√≠deo donde me estafan con un iPhone 11 Pro MAX (robado): https://www.youtube.com/watch?v=dgTc1iUzJM0

üìç Canal de Peter De La G: https://www.youtube.com/channel/UCYESDNsNvx0gi7VSYoZbpBQ
üìç Canal de Fockout: https://www.youtube.com/channel/UCo2sRDvrWK6MOYGT8Qn6Tcg

üì® CONTACTO/PRENSA/NEGOCIOS: vlogspaper@ltagency.mx üì®

üëâ √önete a mi GRUPO de FACEBOOK ""LML PAPERS"": https://goo.gl/ND8ngM üëà
üëâ √önete a mi DISCORD: https://discord.gg/vlogspaper üëà

üî¥ Segundo canal: https://www.youtube.com/user/StufferPaper üî¥

üìò Facebook: https://www.facebook.com/VlogsPaper
üì∏ Instagram: https://www.instagram.com/luispaperleo
üéµ TikTok: https://www.tiktok.com/@luispaperleo
üê£ Twitter: https://twitter.com/luispaperleo
üéÆ Twitch: https://www.twitch.tv/luispaperleo

#iPhone #Robo #Rastreando
vlogspaper, luispaper, blogspaper, paper",UC3MV0m3IljW6A4MHIDq3HMA,https://youtu.be/7IbWV6t1Yi8,https://i.ytimg.com/vi/7IbWV6t1Yi8/mqdefault.jpg,18
6,2021-01-29T01:11:48Z,2021-01-29T18:00:00Z,22,Romeli,"['Romeli', 'HotSpanish', 'Novia', 'Novio', 'Pareja YouTuber', 'propuesta', 'matrimonio', 'le propongo matrimonio', 'amor', 'novios', 'entretenimiento', 'playa']",LE PROPUSE MATRIMONIO A MI NOVIA! *se puso muy sentimental*,542951,70818,530,4926,"Hola Romelis en esta ocasi√≥n le propuse matrimonio a mi novia mientras est√°bamos de viaje en Playa de Carmen. Melissa no se lo esperaba y esta fue su reacci√≥n  (:
Suscribete para mas videos ‚ûú https://www.youtube.com/c/Romelimx?sub_confirmation=1

S√≠guenos en las redes oficiales de Romeli

Facebook: https://www.facebook.com/romelimx
Instagram: https://www.instagram.com/romelimx
Twitter: https://twitter.com/romelimx

Canci√≥n del Intro: https://www.youtube.com/watch?v=u4dPFjzIUMw
Canci√≥n del Outro: https://www.youtube.com/watch?v=T16rqLp05RI

Para negocios y marcas 
robertomelissa2018@gmail.com

#Propuesta #Matrimonio #Romeli",UCjRtvi-OLuBB7XBBlV27csA,https://youtu.be/ZsdlR8muBzA,https://i.ytimg.com/vi/ZsdlR8muBzA/mqdefault.jpg,18
7,2021-01-29T01:00:10Z,2021-01-29T18:00:00Z,10,PatyCantuVEVO,"['Paty', 'Cant√∫', 'Lasso', 'Odiarte', 'Universal', 'Music', 'Mexico', 'Latin', 'Pop']","Paty Cant√∫, Lasso - Odiarte",388181,49001,302,2513,"Music video by Paty Cant√∫, Lasso performing Odiarte. ¬© 2021 EMI Music Mexico S.A. De C.V

http://vevo.ly/fI29CQ",UCN1N5jDYmsqe0maY3OMSXfQ,https://youtu.be/zjUelM-SECI,https://i.ytimg.com/vi/zjUelM-SECI/mqdefault.jpg,18
8,2021-01-29T00:00:15Z,2021-01-29T18:00:00Z,22,AMOR ETERNO,"['amor eterno', 'fichis', 'pao', 'sergecast', 'pareja', 'video vlog', 'la mejor pareja', 'pareja de youtubers', 'pareja de youtube', 'paola poulain', 'pao poulain']",EL A√ëO QUE DESAPARECIMOS *Todo esto nos pas√≥* / #AmorEterno,192432,10466,562,326,"‚ô• Fue un a√±o muy dif√≠cil pero de mucho aprendizaje y crecimiento. Gracias por todo tu apoyo, estuvimos leyendo tus mensajitos de amor y de buena vibra, nos dieron fuerza y siempre vamos a estar agradecidos contigo.",UCOq_WLazgC7IZo9NzXSmInw,https://youtu.be/NLxc73hYfN0,https://i.ytimg.com/vi/NLxc73hYfN0/mqdefault.jpg,18
9,2021-01-28T23:45:02Z,2021-01-29T18:00:00Z,10,MalumaVEVO,"['maluma', 'maluma 7dj', '7 dias en jamaica', 'maluma 2021', 'agua de jamaica', 'video oficial agua de jamaica', 'official video agua de jamaica', '√°lbum completo 7 dias en jamaica', 'letra agua de jamaica', 'agua de jamaica lyrics', 'papi Juancho', 'maluma baby']",Maluma - Agua de Jamaica (Official Video),1220475,65370,1227,2010,"Maluma - Agua de Jamaica (Official Video)

Top Hits: https://smarturl.it/malumatophits
My Channel: https://smarturl.it/ytmaluma

Music:

Apple Music: https://smarturl.it/7DiasEnJamaica/applemusic
Spotify: https://smarturl.it/7DiasEnJamaica/spotify
Amazon: https://smarturl.it/7DiasEnJamaica/az
YouTube: https://smarturl.it/7DiasEnJamaica/youtube
iTunes: https://smarturl.it/7DiasEnJamaica/itunes
Deezer: https://smarturl.it/7DiasEnJamaica/deezer

Official Website: https://maluma.online/
Facebook: http://www.facebook.com/MALUMAMUSIK
Twitter: http://www.twitter.com/maluma
Instagram: http://www.instagram.com/maluma 

#Maluma #AguaDeJamaica #7DJ

Official Music Video by Maluma performing ‚ÄúAgua de Jamaica‚Äù (C) 2021 Sony Music Entertainment US Latin LLC",UCFkoPRmuxqr37jvGmmpzhzQ,https://youtu.be/aOy_6AsFa5o,https://i.ytimg.com/vi/aOy_6AsFa5o/mqdefault.jpg,18
10,2021-01-27T22:00:03Z,2021-01-29T18:00:00Z,24,Bizarrap,No Tags,YSY A || BZRP Music Sessions #37,7269969,888475,21438,74045,"YSY A || BZRP Music Sessions #37

Lyrics by: https://www.instagram.com/ysy__a

Beat by:  https://www.instagram.com/bizarrap 

Mix by: https://www.instagram.com/valyum.flp

Shot by: https://www.instagram.com/gianlyfe 

Edited and produced by: https://www.instagram.com/bizarrap
     
Booking / Contacto 
contacto.bizarrap@lauriaweb.com
#Bizarrap #YSYA",UCmS75G-98QihSusY7NfCZtw,https://youtu.be/HbeLYtQqkIg,https://i.ytimg.com/vi/HbeLYtQqkIg/mqdefault.jpg,18
11,2021-01-29T05:00:10Z,2021-01-29T18:00:00Z,10,Anitta,"['Anitta', 'Melody', 'Funk', 'Pop', 'loco', 'low low low low low', 'lo lo', 'LO LO LO CO', 'stop stop stop stop', 'bikinis', 'skiing', 'aspen', 'twerk', 'brazil', 'brazilian', 'anitta loco', 'anita', 'anita loco', 'loco song', 'me gusta', 'anitta bikini', 'anitta skiing', 'anitta snow', 'low low loco', 'latin pop', 'latin funk']",Anitta - Loco (Official Music Video),1631403,151695,10279,28461,"Anitta ""Loco"" [Official Music Video] 
""Loco"" Out Now - http://anitta.lnk.to/loco 

CREDITS: 
Produced by VLNT 
Executive Producer: Felipe Britto 
Creative Concept: Cego 
Creative Director: Daniel Levenhagem 
Set Director and Cinematography: Steven Gomillion 
Styling: Janelle Ren√©e 
Casting: Shortcut / Andre Kot 
Editor: Daniel Levenhagem 
Motion Designer: Bruno Candeias 
Post: Cego 
Film Crew: Austin Bieber, Luke Van Ginkel 
Special Thanks to: Chris Aquilla / Igor Saringer / Ohana Lefundes / Sarah Fonseca 


LYRICS: 
Freaky 
Si quieres nos ponemos freaky Gimme 
No digas nada solo gimme 

Ven y vamos hasta abajo 
Que lo que quiero es ponerte Lo-co 
Mira lo que te hago c√≥mo te rompo este pantal√≥n-low 

Como un tsunami
Me voy a mover 
Mientras t√∫ te hundes 
Si t√∫ quieres ag√°rrate 

Porque yo me voy bien 
LOW LOW LOW 
Y nos ponemos bien LO LO LO CO 

Stop stop stop stop stop que te quema 
Te dejo probar mi manzana con canela 
Traemos to‚Äô este movimiento que se pega 
Just follow follow follow mis caderas 

Loco, demente 
Menos mal si est√°s bailando 
Loco demente 
Menos mal si est√°s 

Bien 


#Anitta #Loco",UCqjjyPUghDSSKFBABM_CXMw,https://youtu.be/7LLKQhwazhI,https://i.ytimg.com/vi/7LLKQhwazhI/mqdefault.jpg,18
12,2021-01-29T06:00:11Z,2021-01-29T18:00:00Z,10,Ad√°n Cruz,"['Adan', 'Cruz', 'Adan Cruz', 'Hip Hop', 'rap', 'trap']",Steak - Ad√°n Cruz (Video Musical Oficial),87956,13128,264,1385,"Quiero agradecer bastante a mi familia primeramente pues si no fuera por ellos quiz√°s no ser√≠a igual. A Lionheart y Monarkent en Los Angeles por creer en mi talento, a Black Bear por creer en mi, a Nancy por siempre peinarme esas trenzas, a Lalo de Babilonia Barbershop, a Wicca por apoyarnos en el proyecto, a Victoria Velarde y su pareja por apoyarnos, a Berna Customs, Pablo Campo, Oblivion, Angelo, Jona y a todos los que formaron parte de √©sta gran producci√≥n.
S√≠ganme en Spotify y en Instagram malditos @adancruzmx
Letra: 
Encontr√© el factor que es elemental
Vengo bien panz√≥n saliendo del restaurant
Todos sabemos que para lo verbal
Soy mejor que tu y de frente quedas Vegetal
A veces en el cel la letra o en pedestal
Tengo el rap gordo voy a apestar
Me la pelas hey cuanto apuestas
Mejor ded√≠cate a trabajar en best buy
En esto del trap yo sueno bestial
Por algo tengo un chingo e putas ventas
Bitch te cort√© y sal√≠ de lo infernal
Se que tu me amas pero todo es mental
Oye pinche vato c√≥mete una menta
O antes que te bese ella lo va a lamentar
Doscientos grandes de caj√≥n mensual
Y eso que a√∫n no bien la reviento
Monumental uhu
Mi momento es √©ste
Yo soy neutral con ella
Y le doy crank a√∫n con su ciclo menstrual
Ahora en la lobo antes viajaba en metro
Taxi, o quieren llevarme negro
No, no, no, no me seas desleal
Si mis rimas fueran metrallas tengo un PRRRA
Hey que pas√≥ se√±or Federal
Voy por todo M√©xico y sin licencia
Pero aqu√≠ tiene mi credencial
Ellla es mi chava y anda ancestral
As√≠ que favor de no molestar
Cuando ellos me escuchan tiran la demencia
Soy artista mexicano con mucho potencial
Y asisto a una comunidad que es fraternal
Y no se√±or no hablo de la iglesia
Aunque a veces le caigo a Ferm√≠n a Semilla
Mis t√≠os tapat√≠os andan con el mezcal
Escuche mi rola y topa ya mi mezcla 
Mi cotorreo es fresa en residencial
Si pides comida que sea oriental
Mis amigas se desorientan
Cuando se drogan mucho solo para ambientar
Eso para mi ya no es fundamental
Estoy en otro nivel sexual
Todas las mujeres dicen soy sensacional
Pero solo una por hoy me va a degustar
Todas entre ellas se critican de putas
Cuando al final hacen lo mismo y lo disfrutan
Es lo que yo eh visto es lo que yo vivo
Esp√©rame tantito m√°s que voy a estar en BillboardPuedes escuchar a Ad√°n Cruz en todas las plataformas: https://ONErpm.lnk.to/AdanCruz

Escucha la playlist Naci√≥n Hip Hop¬†https://ONErpm.lnk.to/NacionHipHop",UCsNud7A3Vz8X8Pqfw2L2wKg,https://youtu.be/ljzKu0FwQpk,https://i.ytimg.com/vi/ljzKu0FwQpk/mqdefault.jpg,18
13,2021-01-29T01:00:08Z,2021-01-29T18:00:00Z,10,MonLaferteVEVO,"['Mon', 'Laferte', 'Quemar', 'Coraz√≥n', 'Universal', 'Music', 'Mexico', 'Latin', 'Rock']",Mon Laferte - Se Me Va A Quemar El Coraz√≥n,339410,32494,621,5139,"Music video by Mon Laferte performing Se Me Va A Quemar El Coraz√≥n. UMM; ¬© 2021 Universal Music Mexico S.A. de C.V.

http://vevo.ly/SR1QqR",UCfgC5_OBzl_c93CCHPnQxhQ,https://youtu.be/sx5LdR29YkM,https://i.ytimg.com/vi/sx5LdR29YkM/mqdefault.jpg,18
14,2021-01-29T00:00:11Z,2021-01-29T18:00:00Z,22,Elaine Haro Music,"['elaine haro en rosario tijeras', 'rosario tijeras', 'rosa de guadalupe', 'elenco de rosario tijeras temporada 1', 'reaccionando a rosario tijeras', 'elaine haro reacciona a rosario tijeras', 'elaine haro en series', 'elaine haro netflix', 'elaine haro televisa', 'elaine haro tv azteca', 'elaine haro rosa de guadalupe', 'elaine haro tiktok', 'elaine haro temporada 1', 'quien es la ni√±a de rosario tijeras', 'ni√±a secuestrada en rosario tijeras temporada 1 elaine haro']",SECUESTRADA.   ( REACCI√ìNANDO Rosario ‚úÇÔ∏è TIJERAS ),73790,5547,101,303,"Hola mis queridos Elainers!!
Les quiero compartir este video reaccionando a Rosario Tijeras en los cap√≠tulos de mi Secuestro! Les comparto fotos y videos de los d√≠as de grabaci√≥n con el elenco de Rosario Tijeras. As√≠ que espero que les gusten.

Gracias por seguir todos los TikToks porque ya somos 7M de Elainers!

Plat√≠came cuales son tus escenas favoritas en durante mi actuaci√≥n en Rosario Tijeras.

#RosarioTijerasElaineHaro #ElaineHaro  


Suscr√≠bete a mi canal: http://bit.ly/2k2ErmD

S√≠gueme en:
Facebook: https://www.facebook.com/ElaineHaroMusic
Instagram: https://www.instagram.com/ElaineHaroMusic
Twitter: https://www.twitter.com/ElaineHaroMusic

Esc√∫chame en: https://url2.cl/xAXcL",UCvgG3mFU9qsG96-k00Ztmfg,https://youtu.be/qAeGbn8ugQc,https://i.ytimg.com/vi/qAeGbn8ugQc/mqdefault.jpg,18
15,2021-01-29T00:00:11Z,2021-01-29T18:00:00Z,10,GuaynaaVEVO,"['Guaynaa', 'Pain', 'Digital', 'Monterrey', 'Latin', 'Urban', 'el Guaynaa', 'guaynaa rompe rodillas', 'guaynaa biografia', 'guaynaa cantante', 'guaynaa canciones', 'lele pons y Guaynaa', 'guaynaa ingeniero quimico', 'jean carlos Santiago', 'guaynaa novia', 'guaynaa estudios', 'novia de Guaynaa', 'guaynaa y lele pons', 'canciones de Guaynaa', 'guaynaa nacionalidad', 'mariah Guaynaa', 'nalguita y tetita letra', 'cantante Guaynaa', 'guaynaa bichi', 'guaynaa lele pons', 'guaynaa']","Guaynaa, Pain Digital - Monterrey",215306,25524,579,1443,"Stream ‚ÄòMonterrey‚Äô on your favorite streaming platform: https://guaynaa.lnk.to/Monterrey!YD

Subscribe to YouTube here: https://smarturl.it/GuaynaaYT 

Follow Guaynaa on social media:
Instagram: https://www.instagram.com/guaynaa/
Facebook: https://www.facebook.com/Guaynaa/
Twitter: https://twitter.com/Guaynaa_ 

‚ñ∫Monterrey by Guaynna Official Lyrics

[Intro]
Conoc√≠ una se√±ora en la ciudad de Monterrey

[Verso 1]
Conoci una se√±ora en la ciudad de Monterrey (Ey!) Tenia 37 y parec√≠a de 26 India Azteca mi tamal va a saber bueno en tu batey
Mi carnal no se me altere, Tranquilo wey! Es peor diablo por conocer
Que por conocido
Se√±ora le doy medicamentos y la cuido Yo quiero llegar a ser su amante preferido Y es debido a que su equipaje se ve chido
Activa los cuates que llamen todos los muchachos Yo quiero saber si tu me chachas (te cacho)
Si tienes marido entonces hay que ponerle cachos Hacemos lo que vayamos hacer y despu√©s te despacho

[Coro]
Y de Monterrey pal Distrito Federal Que ricas las mexicanas de la capital
Se√±ora si los pa√±ales usted a mi me va a cambiar P√≥ngame la cremita que no me quiero pelar
Y de Monterrey pal Distrito Federal Que ricas las mexicanas de la capital
Se√±ora si los pa√±ales usted a mi me va a cambiar P√≥ngame la cremita que no me quiero quemar Conoc√≠ una se√±ora en la ciudad de Monterrey (El Guaynaa)
37 a√±os yo no lo pod√≠a creer
Pain digital, Pain digital, Pain digital
Conoc√≠ una se√±ora en la ciudad de Monterrey Ten√≠a 37 a√±os yo no lo pod√≠a creer

[Verso 2] (Hear me now)
Para donde nos vamos ahora?Para Chihuahua o para Sonora Colabora Yo de bailador tu Bailadora
Porque la tardanza? Porque la demora?
Saca para beber lo que te queda Dentro de la cantinplora Seguimos de Michoac√°n
Para Guerrero y Guanajuato Nos vemos al rato

Tr√°ete a tus amigas Y yo a mis vatos
Tira la foto y firmo el retrato Sin contrato
Esto es solo para pasar un buen rato

Mi carnal no se me altere, Tranquilo wey! Esto no es un 8 mami esto es un 16
Mi carnal no se me altere, Tranquilo wey!
Si yo te digo mi reina, t√∫ a mi me dices mi rey? Mi carnal no se me altere, Tranquilo wey!
Te gusta mucho la cumbia, te parece ok? Mi carnal no se me altere, Tranquilo wey!
Somos la revoluci√≥n que hace cumplir la ley

[Coro]
Conoc√≠ una se√±ora en la ciudad de Monterrey Tenia 37 a√±os yo no lo podia creer
Conoc√≠ una se√±ora en la ciudad de Monterrey Tenia 37 a√±os yo no lo podia creer.

[Outro]
Hear me now Cumbia...
El Guaynaabichy Mi Chichi Chiquilla
Ey!
Vamos a vernos alla en el Cerro de la Silla, mami Monterrey tranquilo wey
Check it out

#Guaynaa #Monterrey #PainDigital



Music video by Guaynaa, Pain Digital performing Monterrey. Universal Music Latino/Republic Records; ¬© 2021 UMG Recordings, Inc.

http://vevo.ly/dnbuMD",UCAFJ3QRJqniAAZtUKYfZfFQ,https://youtu.be/dwlobx7m6-o,https://i.ytimg.com/vi/dwlobx7m6-o/mqdefault.jpg,18
16,2021-01-28T21:30:10Z,2021-01-29T18:00:00Z,10,Duki,"['duki', 'dukissj', 'duko', 'duketo', 'duki trap', 'duki freestyle', 'duketo cabron', 'duki super sangre joven', 'duki batallas', 'duki musica', 'nueva musica duki', 'duki y cato', 'duki y ca7riel', 'duki y catriel', 'catriel', 'cato', 'catriel y paco amoroso', 'duko y cato', 'duko y catriel', 'duko y ca7riel', 'muero de fiesta', 'muero de fiesta este finde', 'mdfef']","DUKI, CA7RIEL - Muero de Fiesta este Finde (Video Oficial)",892717,155457,3400,8307,"#DUKI #Ca7riel #MueroDeFiestaEsteFinde

Spotify üéß http://spoti.fi/3t7L1GY
Apple Music üéß https://apple.co/3cldpj1
Deezer üéß https://bit.ly/3poJwSy

DUKI | https://instagram.com/dukissj
Ca7riel | https://instagram.com/ca7riel/

‚ô´ Producci√≥n y Beat‚ô´
YESAN | https://instagram.com/yesan/

Mix
Juan Pablo Morando | @pie.dre
Master
Javier Fracchia  | @javierofracchia

Agradecimientos 
@saldiaspolocultural
@chinapereiro
@lucasdanielemilio

Direcci√≥n: Federico Cabred
AD: Bruno Adamovsky
Producci√≥n: Sol Schostik
Direcci√≥n de Arte: Melani Anton Defelippis
Asistencia de Arte: Agust√≠n Mat√≠as Anton Defelippis
DF: Cato Aramburo
Camara: Pampa Aramburo
Graffer: Juli√°n Cantaro
El√©ctrico: Galindez Manuel
Make up: Lisa Sof√≠a

‚úâ Booking | Comercial | Contacto 
duki@lauriaweb.com | dukiyb@gmail.com 

SSJ Records 
https://instagram.com/ssjrecords‚Äã 

‚ô™ Send Beats ‚ô™ | beats@ssjrecords.com 

This is Duko | https://spoti.fi/2W607go‚Äã

¬Æ 2021 SSJ Records | DALE PLAY Records 

Productor Fonogr√°fico: SSJ RECORDS (de Atuanorinos S.A.) 
Fecha y Lugar de Lanzamiento 28-01-2021, Buenos Aires, Argentina.",UCJUYcEdvnYFGajHBW0Nao3w,https://youtu.be/awzbkFbmfaU,https://i.ytimg.com/vi/awzbkFbmfaU/mqdefault.jpg,18
17,2021-01-28T22:35:15Z,2021-01-29T18:00:00Z,17,ESPN Deportes,"['napoli', 'gol del chucky lozano', 'chucky lozano', 'spezia', 'napoli vs spezia', 'copa italia', 'hirving lozano', 'espn deportes', 'espn mexico', 'napoli spezia', 'gol de hirving lozano', 'gol de lozano', 'chucky lozano gol', 'hirving lozano gol', 'gol del napoli', 'gol del napoli hoy', 'gol napoli', 'resumen', 'resumen copa italia', 'copa italia resumen', 'coppa italia', 'copa italia 2021', 'coppa italia 2021', 'coppa italia highlights', 'napoli vs', 'el chucky lozano', 'hirving chucky lozano']",Napoli 4-2 Spezia. GOL del Chucky Lozano. ¬°El mexicano lleg√≥ a 100 a nivel clubes! | Copa Italia,1246250,11307,332,966,"El Chucky Lozano sigue haciendo historia; este jueves, con un gol ante el Spezia por la Copa Italia, lleg√≥ a los 100 a nivel de clubes (43 con el Pachuca, 40 con el PSV y 17 con el Napoli). El equipo del sur italiano derrot√≥ 4-2 al Spezia y avanz√≥ a las semifinales de la Copa Italia. El conjunto de Gennaro Gattuso se enfrentar√° al Atalanta en semis. En la otra llave, Juventus e Inter buscar√°n el pase a la final. #CopaItalia | Hirving Lozano | Copa Italia 2021 | Coppa Italia 2021 | Napoli vs Spezia",UC08mnbiC4FykqpHqbEWgFcg,https://youtu.be/ph5hwe7JZrc,https://i.ytimg.com/vi/ph5hwe7JZrc/mqdefault.jpg,18
18,2021-01-29T04:59:58Z,2021-01-29T18:00:00Z,10,Cosculluela El Principe,"['cosculluela', 'rottweilas', 'coscu', 'decir adios', 'decir', 'adios', 'the', 'amor', 'coscu decir adios', 'cosculluela decir adios', 'video oficial', 'official video', 'video oficial decir adios', 'official video decir adios', 'decir adios video oficial', 'musica', 'reggeton', 'reggaeton', 'coscu musica', 'cosculluela 2020', 'cosculluela 2021', 'rottweila', 'cosculuela', 'cosculluela musica', 'prumm prumm']",Cosculluela - DECIR ADI√ìS,832930,68894,755,2109,"Cosculluela - DECIR ADI√ìS (Official Music Video ) [ #Cosculluela ]
Sus - cr√≠ - be - te  aqu√≠:üëâüèº https://hp.gl/cosculluela 

Jos√© Fernando Cosculluela Su√°rez 
‚Ä¢
Ya disponible en todas las plataformas digitales:  https://Cosculluela.lnk.to/DecirAdiosID 
‚Ä¢
Follow Us: 

INSTAGRAM - http://www.instagram.com/Cosculluela
FACEBOOK - http://www.facebook.com/Rottworld
TWITTER - http://www.twitter.com/Coscuelprincipe

‚Ä¢
‚Ä¢
‚Ä¢

¬© 2021 WMG / Rottweilas, Inc.


#Coscu | #CosculluelaElPrincipe",UCFWWSqETvq7q-Y3SBmduuTQ,https://youtu.be/CMvW-1a8ytI,https://i.ytimg.com/vi/CMvW-1a8ytI/mqdefault.jpg,18
19,2021-01-28T07:21:39Z,2021-01-29T18:00:00Z,24,The Late Late Show with James Corden,"['The Late Late Show', 'Late Late Show', 'James Corden', 'Corden', 'late night', 'late night show', 'comedy', 'comedian', 'celebrity', 'celeb', 'celebrities', 'CBS', 'joke', 'jokes', 'funny', 'funny videos', 'funny video', 'humor', 'hollywood', 'famous']",BLACKPINK: Pretty Savage,12139913,1314506,20300,90349,"Late Late Show guest BLACKPINK shares a very special performance of their hit ""Pretty Savage"" -- catch BLACKPINK's ""The Show"" on their YouTube channel this Saturday.

More Late Late Show:
Subscribe: http://bit.ly/CordenYouTube
Watch Full Episodes: http://bit.ly/1ENyPw4
Facebook: http://on.fb.me/19PIHLC
Twitter: http://bit.ly/1Iv0q6k
Instagram: http://bit.ly/latelategram

Watch The Late Late Show with James Corden weeknights at 12:35 AM ET/11:35 PM CT. Only on CBS.

Get new episodes of shows you love across devices the next day, stream live TV, and watch full seasons of CBS fan favorites anytime, anywhere with CBS All Access. Try it free! http://bit.ly/1OQA29B

---
Each week night, THE LATE LATE SHOW with JAMES CORDEN throws the ultimate late night after party with a mix of celebrity guests, edgy musical acts, games and sketches. Corden differentiates his show by offering viewers a peek behind-the-scenes into the green room, bringing all of his guests out at once and lending his musical and acting talents to various sketches. Additionally, bandleader Reggie Watts and the house band provide original, improvised music throughout the show. Since Corden took the reigns as host in March 2015, he has quickly become known for generating buzzworthy viral videos, such as Carpool Karaoke.""",UCJ0uqCI0Vqr2Rrt1HseGirg,https://youtu.be/QSaW4KB5IQk,https://i.ytimg.com/vi/QSaW4KB5IQk/mqdefault.jpg,18
20,2021-01-28T09:00:10Z,2021-01-29T18:00:00Z,10,HyunA,"['ÌòÑÏïÑ', 'HyunA', ""I'm Not Cool"", 'ÏïîÎÇ´Ïø®', 'MV', 'Music Video', 'Salmosa', 'ÏÇ¥Î™®ÏÇ¨', 'ÎÆ§ÏßÅÎπÑÎîîÏò§', 'ÎÆ§ÎπÑ', 'PSY', 'DAWN', 'Ïã∏Ïù¥', 'Îçò', 'Ìö®Ï¢Ö', 'Mini Album', 'ÎØ∏ÎãàÏï®Î≤î', 'FLOWER SHOWER', 'Show Window', 'GOOD GIRL', 'Party Feel Love', 'ÌîåÎùºÏõåÏÉ§Ïõå', 'ÏáºÏúàÎèÑ', 'ÍµøÍ±∏', 'ÌååÌã∞ ÌïÑ ÎüΩ', 'ÌîºÎÑ§Ïù¥ÏÖò', 'P NATION', 'ÏïÑÏûÑÎÇ´Ïø®', 'ÏïÑÏûÑ', 'ÎÇ´', 'Ïø®', 'ÏïÑÏûÑ ÎÇ´ Ïø®']",ÌòÑÏïÑ (HyunA) - 'I'm Not Cool' MV,8911328,1105954,19842,46692,"ÌòÑÏïÑ (HyunA) - 'I'm Not Cool' MV 

MV Executive Producer: P NATION 
MV Director: ÍπÄÏòÅÏ°∞ Ïú†ÏäπÏö∞ @ NAIVE
Lyrics by: PSY, ÌòÑÏïÑ, DAWN
Composed by: Ïú†Í±¥Ìòï, SPACE ONE 
Arranged by: Ïú†Í±¥Ìòï, SPACE ONE, Slyme Young 
Mixed by Íµ¨Ï¢ÖÌïÑ (assist. Í∞ïÏÑ†ÏòÅ) @ KLANG STUDIO 
Mastered by Í∂åÎÇ®Ïö∞ @ 821 Sound Mastering

* 'I'm Not Cool' is now available on all streaming platforms including Apple Music & Spotify. 

- Spotify: https://open.spotify.com/artist/3UwlejyX2b458azZ7eCnHb
- iTunes & Apple Music: https://music.apple.com/us/artist/hyuna/384855556

- ÌòÑÏïÑ (HyunA) Official YouTube: https://www.youtube.com/officialhyuna
- ÌòÑÏïÑ (HyunA) Official Instagram: https://www.instagram.com/hyunah_aa
- ÌòÑÏïÑ (HyunA) Official Facebook: https://www.facebook.com/hyunaofficial.pnation
- ÌòÑÏïÑ (HyunA) Official TikTok: https://www.tiktok.com/@hyunaofficial

- P NATION Official Instagram: https://www.instagram.com/pnation.official
- P NATION Official YouTube: https://www.youtube.com/channel/UCZOA7I_vjrxLuLGatPekGoA
- P NATION Official Facebook: https://www.facebook.com/pnation.official
- P NATION Official Twitter: https://twitter.com/OfficialPnation

#ÌòÑÏïÑ #HyunA #ImNotCool #ÏïîÎÇ´Ïø® #ÏïÑÏûÑÎÇ´Ïø® #ÏïÑÏûÑ #ÎÇ´ #Ïø® #PNATION #ÌîºÎÑ§Ïù¥ÏÖò 

Copyrights 2021 ‚ìí P NATION All Rights Reserved",UC0uTcuuOtUFwtn9aKUVGjXg,https://youtu.be/_yXEnhyOTQo,https://i.ytimg.com/vi/_yXEnhyOTQo/mqdefault.jpg,18
21,2021-01-28T22:52:14Z,2021-01-29T18:00:00Z,2,Salomundo,"['salomondrin', 'salomundo', 'Alejandro salomon', 'los angeles', 'mexico', 'cuidad de mexico', 'coches', 'marcado', 'stock market', 'dinero', 'super coches', 'ferrari', 'bugatti', 'mclaren', 'porsche', 'tesla', 'ford', 'chevy', 'audi', 'mercedes', 'super autos', 'rolls royce', 'lamborghini', 'aventador', 'espanol', 'negocios', 'cuentos', 'f430', 'ratarossa', 'f40', 'pista', '488', 'spider', 'bentley', 'flying spur', 'reddit', 'wallstreetbets', 'gamestop', 'black berry', 'AMC', 'la bolsa', 'shorts', 'short selling', 'el mercado']",Perd√≠ 27 millones de USD en un d√≠a!! | Salomondrin,1025647,89245,1087,2758,"Apoya el canal en https://linktr.ee/aleron

Mis Papirrines y Pantuflitas!

Hace 11 a√±os perd√≠ 27 millones de d√≥lares en un movimiento financiero que seg√∫n yo estaba mal.
El d√≠a de hoy, esto le paso a todo el mundo en Wall Street y quer√≠a platicarles de eso tambi√©n!

Siento que es el momento correcto para esta historia!

Echan un vistazo a nuestro nuevo podcast, ¬°Los Emprendeduros!
https://linktr.ee/emprendeduros",UCu1Al_bQJxIWJv0OjW3eFlg,https://youtu.be/Dd3oEi8xPqo,https://i.ytimg.com/vi/Dd3oEi8xPqo/mqdefault.jpg,18
22,2021-01-28T20:00:11Z,2021-01-29T18:00:00Z,10,KurtVEVO,"['Kurt', 'Willy', 'Rodr√≠guez', 'Nadie', 'Nos', 'Entiende', 'Universal', 'Music', 'Mexico', 'Latin', 'Pop']","Kurt, Willy Rodr√≠guez - Nadie Nos Entiende",170337,16131,203,556,"Music video by Kurt, Willy Rodr√≠guez performing Nadie Nos Entiende. UMM; ¬© 2021 Universal Music Mexico S.A. de C.V.

http://vevo.ly/s8SpYc",UCeGYETxfV0ctVA10yZAy5hA,https://youtu.be/GyOXrfvlK0Q,https://i.ytimg.com/vi/GyOXrfvlK0Q/mqdefault.jpg,18
23,2021-01-28T23:00:10Z,2021-01-29T18:00:00Z,10,DVICIOVEVO,"['DVICIO', 'MATISSE', 'valeria dvicio', 'dosis', 'taburete', 'reik', 'impulso', 'pop espa√±ol', 'pop mexico', 'pop latino', 'dvicio valeria', 'Dvicio & Matisse', 'Pop En Espa√±ol', 'Sony Music Entertainment', 'Valeria']","Dvicio, Matisse - Valeria",121532,14982,97,888,"Esta colaboraci√≥n surge desde el entendimiento mutuo. Nos llevamos muy bien con Matisse y tenemos una amistad muy bonita, invitarles fue una opcion m√°s por feeling que el por el simple hecho musical. Por cierto, te recomendamos ver el video desde el m√≥vil. Gracias por estar ah√≠.     

DVICIO 
IG: https://www.instagram.com/dvicio/?hl=es
FB: https://www.facebook.com/DVICIOoficial
TW: https://twitter.com/dvicioficial?s=20   
WEB: https://www.dvicio.com/

YOUTUBE: https://www.youtube.com/channel/UCDq2AYzpMSmc_w-cBgCwyPg     
SPOTIFY: https://open.spotify.com/artist/2KxjMGXFgX1vt9grpbD3xI?si=xrWXo8VSQYardmaTUMQAzQ     
APPLE MUSIC: https://music.apple.com/es/artist/dvicio/819163821     
AMAZON MUSIC: https://music.amazon.es/artists/B00IDBQ6LK?ref=dm_sh_8315-0b87-dmcp-1ec3-e9940&musicTerritory=ES&marketplaceId=A1RKKUPIHCS9HS

LYRIC VALERIA

Vivo de una ilusi√≥n 
que jam√°s ser√° verdad.
Si llego a tu estaci√≥n 
yo vuelo a otra realidad.

Oh, Valeria‚Ä¶
Oh, Valeria‚Ä¶

Si te miro siempre olvido c√≥mo caminar,
c√≥mo respirar. 
En suspiros te imagino, 
¬øc√≥mo besar√°s? 
Valeria‚Ä¶

No te has dado cuenta
Que cuando tu pasas
Dejas tu perfume aqu√≠ 
C√≥mo olvidarte‚Ä¶

Es como una huella
que dibuja el mapa
y juro te voy a seguir
hasta encontrarte.

Hoy todo indica que s√≠ me arm√© de valor.
Como un ni√±o en una feria.
Al borde estoy de un ataque en el coraz√≥n,
por tu amor, Valeria‚Ä¶

Si te miro siempre olvido c√≥mo caminar,
c√≥mo respirar. 
En suspiros te imagino, 
¬øc√≥mo besar√°s? 
 Oh, Valeria‚Ä¶


Music video by Dvicio, Matisse performing Valeria. (C) 2021 Sony Music Entertainment Espa√±a, S.L.",UCREbXG36oWG3IaXBRDeS_1A,https://youtu.be/BHY031Lk1vc,https://i.ytimg.com/vi/BHY031Lk1vc/mqdefault.jpg,18
24,2021-01-29T02:00:10Z,2021-01-29T18:00:00Z,10,RioromaVEVO,"['rio roma mi mayor anhelo', 'rio roma', 'mi mayor anhelo', 'rojo', 'rio roma rojo', 'mi mayor anhelo rio roma', 'banda ms', 'banda ms mi mayor anhelo', 'mi mayor anhelo bands ms', 'pop', 'pop en espa√±ol', 'balada', 'musica romantica', 'baladas romanticas', 'rio roma 2021', 'rio roma nuevo', 'quiero ser el amor de tu alma el calor de tu cama', 'quiero ser el amor de tu alma', 'hacerte muy feliz', 'Latin Pop', 'Mi Mayor Anhelo', 'R√≠o Roma', 'Sony Music M√©xico']",R√≠o Roma - Mi Mayor Anhelo (Video Oficial),73802,8088,56,640,"¬°Busca ¬´Mi Mayor Anhelo¬ª en tu plataforma favorita!

Dale me gusta üëç y suscr√≠bete üîî al canal de R√≠o Roma

Ve lo mejor de R√≠o Roma en YouTube
‚Ä∫ Me Cambiaste la Vida: https://www.youtube.com/watch?v=_X3PPuF_yOE&list=PLm6SuYfyw8X5hgy-_CSPh2QHU7BnBWWKO
‚Ä∫ Todav√≠a No Te Olvido (ft. Carlos Rivera): https://www.youtube.com/watch?v=Lc5fvUzUpnM&list=PLm6SuYfyw8X5hgy-_CSPh2QHU7BnBWWKO
‚Ä∫ Yo Te Prefiero a Ti (con Yuridia, La Adictiva): https://www.youtube.com/watch?v=6yJrESv2zo4&list=PLm6SuYfyw8X5hgy-_CSPh2QHU7BnBWWKO

Letra de ¬´Mi Mayor Anhelo¬ª

Mira c√≥mo este loco
Por ti se est√° muriendo
Mi coraz√≥n ya no aguanta m√°s
Y hoy quiere dec√≠rtelo

C√≥mo es que te quiere
Es tan grande el amor que te tiene
Se quiere entregar en cuerpo, amor y alma
Para conocer a quien tanto te ama

Quiero ser el amor
De tu alma, el calor
De tu cama y sentir
Tus caricias

Ser de ti para amarte
Hasta la eternidad quererte
Y hacerte mucho muy feliz
Es mi mayor anhelo
Por siempre

Quiero ser el amor
De tu alma, el calor
De tu cama y sentir
Tus caricias

Ser de ti para amarte
Hasta la eternidad quererte
Y hacerte mucho muy feliz
Es mi mayor anhelo
Por siempre

Por siempre

Por siempre



Sigue a R√≠o Roma
‚Ä∫ Facebook: http://facebook.com/rioromamx
‚Ä∫ Twitter: http://twitter.com/rioromamx
‚Ä∫ Instagram: http://instagram.com/rioromamx

Escucha m√°s en la playlist Rom√°nticas en Espa√±ol
‚Ä∫ https://filtrmx.lnk.to/RomanticasEspanol

#R√≠oRoma #Rojo #MiMayorAnhelo

(C) 2021 Sony Music Entertainment M√©xico, S.A. de C.V.",UCDqLksFNxtDeTUfHMqeF7ZQ,https://youtu.be/5ROgK3_tuTw,https://i.ytimg.com/vi/5ROgK3_tuTw/mqdefault.jpg,18
25,2021-01-29T14:00:11Z,2021-01-29T18:00:00Z,10,Alan Walker,"['alan walker', 'isak', 'sorry', 'aviation tour', 'alan walker live', 'bts', 'noah cyrus', 'alan walker remix', 'energetic music', 'pop', 'edm', 'electronic', '2021', 'music', 'workout songs', 'gaming music', 'pop mix', 'best gaming music', 'gaming music 2021', 'gaming mix 2021', 'pop hits 2021', 'tik toks', 'pop music 2021', 'tiktok', 'bass boosted', 'selena gomez', 'dance', 'workout music', 'alan walker songs', 'space melody', 'marshmello', 'dj snake', 'avicii', 'justin bieber', 'remix', 'alan walker space melody', 'faded', 'pop songs 2021', 'billie eilish']",Alan Walker & IS√ÅK - Sorry (Official Music Video),469093,103953,783,12892,"I know it's easy to think about all of the negatives that have happened in the past year, but Walkers, let's come together to think about all that we're grateful for too. For me, there's nothing that matches the energy of a live concert and being together with you all in the same room. Here are some of my favorite moments from the Aviation Tour. Were you there too? Tell me your favorite moments in the comments below. ‚¨á

I'm sorry that 2020 couldn't have as many magic moments as we hoped for, but let's make sure we make up for it in 2021. Until then, enjoy this journey back in time with me and @IS√ÅK . See you soon, Walkers.

- Alan

Listen to Sorry on your favorite streaming platform: https://lnk.to/AWSorry
Sorry merch: https://store.alanwalker.no/collections/sorry-collection

#AlanWalker #IS√ÅK #Sorry #2021 
_______________________________

// LYRICS // Alan Walker x @IS√ÅK  ‚Äì Sorry  // LYRICS //

 Confetti is falling
at 5 inthe morning
They‚Äôre screaming
and crying
but I'm all by myself

I know you
I'm sorry
I made up
a story
I'm lonely
I'm falling
just like you
I'm sorry

_______________________________

If you're ready to jump into the future, see what‚Äôs coming next in the World of Walker... https://www.youtube.com/watch?v=jZGWk...

Check out some of my remixes here: https://www.youtube.com/watch?v=kthhA...

/////////////////////////////////////////

Connect with me:
Facebook: http://bit.ly/AlanWalker_Facebook
Instagram: http://bit.ly/AlanWalker_Instagram
Twitter: http://bit.ly/AlanWalker_Twitter
Tiktok: alanwalkermusic
Snapchat: alanwalkermusic
Subscribe: https://www.youtube.com/user/djwalkzz...
Make sure to subscribe and ring the bell button to get notifications :) 

‚ñ≥ Merch @ https://store.alanwalker.no ‚ñ≥

/////////////////////////////////////////

Connect with ISAK:
YT: https://www.youtube.com/channel/UCT2KQ-jzMTIrPtlrgPYyFJA

/////////////////////////////////////////

Credits:
Produced by MER Content AS 
Creative director: Mads Neset           
Producer: Mikkel Gulliksen          
Live director: Kristian Berg                    
Camera operators: Alexander Zarate Frez, Alexander Christoffersen, Annicken Aasheim, Andreas Nesse, Espen Saur, Fredrik Winge, Mads Neset, Mohammed Sarmadawy, Morten Forsberg, P√•l R√∏nnevik, Simen Skari, Vi Duc Truong                    
Steadicam operator: Dovydas Miliauskas                    
Lead editor: Mads Neset                    
Assistant editor: Fredrik Winge                   
VFX Supervisor: Albin Skalleberg Nilsen                   
Grade: The Mill                    
Sound design: Karoline Wendelborg                 
*Aviation Tour Production*          
Band: Jonas Barsten, Chris Alexander Wolfe Holm, Tommy Kristiansen, Anders Opdahl        
Showrunner/Tour concept by: Alexander Zarate Frez        
Executive Producer: Oda Mar√∏y        
Musical Directors: James Njie, Jonas Barsten        
Stage Design & VJ: Andreas Ohldieck        
Light Designer: Lars Kristian Mathisen        
FOH Engineer: Sondre Sandhaug        
Monitor Operator: Einar Nordberg        
Backline Tech: Nikolaj Nordbak Gloppen        
VFX Studio: Thundercode        
Timeline Editing: Alexander Zarate Frez, Mads Neset        
Hair & Make-up: Ida Nilsson         
Styling: Miriam Lien        
Promoter:  C122, Ida Bakke Kristiansen        
Project Coordinator: Kristine Alise Sj√∏livangen        
Production Manager: Peter Hamilton        
Project Manager: Stefan Dombek        
Bary Project Manager: Marius Ryen        
*Special Thanks To*        
Oslo Spektrum, Nordic Live, Paradigm Talent Agency, Bary, Apparat, Animaskin, Eventim, Sonic City, Laser Image, Pyroteknikk, HelloThere Games",UCJrOtniJ0-NWz37R30urifQ,https://youtu.be/72agGC5b_Yo,https://i.ytimg.com/vi/72agGC5b_Yo/mqdefault.jpg,18
26,2021-01-28T18:00:09Z,2021-01-29T18:00:00Z,10,La Banda Bast√∂n,"['banda baston', 'la banda baston', 'baston', 'homegrown', 'homegrown mafia', 'hip hop', 'rap', 'Hago Ruido', 'hip hop latino', 'hip hop mexicano', 'rap latino', 'rap mexicano', 'video oficial', 'banda bast√∂n', '2021']",La Banda Bast√∂n - Hago Ruido (Video Oficial),144908,14363,203,958,"La Banda Bast√∂n
Hago Ruido

Esc√∫chala en tu plataforma favorita: https://orcd.co/hagoruido

Sigue a La Banda Bast√∂n: 
Instagram: https://www.instagram.com/labandabaston/
Facebook: https://www.facebook.com/LaBandaBaston
Twitter: https://twitter.com/labandabaston

Suscr√≠bete al canal: https://radi.al/LaBandaBastonYT

Letra:
Hago ruido pal que est√° dormido...
Oye... ya casi va a amanecer
Aunque fracase me levanto y sigo (que m√°s)
Nada me va a detener (ah-ah)
Hago ruido pal que est√° dormido
Oye... ya casi va amanecer (despierta)
Contra mi ego mi peor enemigo
Mira... hay que aprender a perder.

T√∫ crees que me conoces pero no es as√≠, casi nac√≠ MC
Sal√≠ de mi city bien morro, 
Desde que aparec√≠ venc√≠ en cada verso que escrib√≠, habl√© de lo que vi, el mundo gritaba socorro.
Y a√∫n sigue, puedo darme cuenta en cada p√°gina, en los ojos del cabr√≥n que sale tarde de la f√°brica, ser libre, parece imposible sabe a falsedad, sobre todo si, vives pegado a una maquina.
A rappers los saco del c√≠rculo como un campe√≥n de sumo
Tranquilo prendo uno, luego suelto el humo, con los ojos de japon√©s, gozando de esta happiness, amo lo que consumo
Nunca ando solo, me acompa√±an mis problemas
Nadie tiene medicina para estas rimas enfermas
Tu odias los lunes, dices que te dan flojera
Todos los d√≠as son buenos, es tu vida la que est√° culera

Hago ruido pal que est√° dormido...
Oye... ya casi va a amanecer
Aunque fracase me levanto y sigo (que m√°s)
Nada me va a detener (ah-ah)
Hago ruido pal que est√° dormido
Oye... ya casi va amanecer (despierta)
Contra mi ego mi peor enemigo
Mira... hay que aprender a perder.

Te mueves o te mueres wey, aprovecha el tiempo, 
Nadie va a salvarte tu escribes tu propio cuento
Yo no le creo a los medios ni al gobierno, es cierto, la izquierda 
y la derecha son parte del mismo cuerpo
A veces los que informan, son los que enferman, 
Quieren que obedezcas, que calles y  duermas
Desde la alcantarilla viendo la luna en el cielo unos se echan a llorar 
otros les venden pa√±uelos
Yo soy de esos pa, rindo al cien y luego pienso cinco mas
Saque de mi camino a las v√≠boras, Muroslav
Siempre rapeando como nunca cualquier otro
Los lleve a la escuela como Otto

Hago ruido pal que est√° dormido...
Oye... ya casi va a amanecer
Aunque fracase me levanto y sigo (que m√°s)
Nada me va a detener (ah-ah)
Hago ruido pal que est√° dormido
Oye... ya casi va amanecer (despierta)
Contra mi ego mi peor enemigo
Mira... hay que aprender a perder.

Escribo paginas sangrientas como Garth Ennis, (c√≥mics) 
Yo salgo a rapear no pa presumir los tenis, (sneaker head) 
Este estilo es estelar, tejimos este telar (Spiderman) 
No vine a apagar a nadie yo nac√≠ para brillar (diamante)
Capitalista espiritual, como un Buda gringo (Mc Donalds)
El dinero no te salva, pero ayuda un chingo, (opulencia)
El mundo todav√≠a camina
Si la vida es valiosa es porque un d√≠a se termina

Homegrown Entertainment ¬©

#LaBandaBast√∂n #HagoRuido #HomegrownMafia",UCHNAy303XjuHFutICph-xyQ,https://youtu.be/g6F804jr99c,https://i.ytimg.com/vi/g6F804jr99c/mqdefault.jpg,18
27,2021-01-28T21:00:04Z,2021-01-29T18:00:00Z,22,Luis Torres Beauty,"['luis', 'torres', 'makeup', 'gdl', 'microblading', 'maquillista', 'mexico', 'tik tok', 'hacks', 'videos', 'fails', 'maquillaje', 'pesta√±as', 'lashes', 'base', 'rimel', 'tiktoker', 'videoscortos', 'tiktok', 'hacks de tik tok', 'tendencias', 'comentarios', 'reacci√≥n', 'reaccionando', 'maquillista pro', 'profesional', 'impresionado']","Maquillista PRO, REACCIONA a TENDENCIAS de TikTok!!!",133463,18689,126,1521,"QUE ONDA PLEBEEEEEEEEEEEES!!!
No tienen idea de lo que goc√© este video! De verdad es impresionante  TODO lo que hace la gente por BUSCAR  hacerse viral (ALGUNIOS) y tambi√©n es IMPRESIONANTE el talento de muchos colegas que comparten sus ""HACKS"" en TIKTOK!!! HAY TODO EN ESTA VI√ëA DEL SE√ëOR! üòÇüòÇüòÇüòÇüòÇ

Cu√©ntenme si les gustar√≠a que siga haciendo esto!!!!

#tiktok #hacks #tendencias de maquillaje
IG Personal: 
https://www.instagram.com/ltorresbeauty

IG de mi sal√≥n:
https://www.instagram.com/luistorressalon/?hl=es-la


IG para microblading o despigmentaci√≥n: 
https://www.instagram.com/perfectbrowslt

Gracias, l@s quiero!",UCXqtiF33oMnGy2xAGRaDHIA,https://youtu.be/PEkkdePAuJc,https://i.ytimg.com/vi/PEkkdePAuJc/mqdefault.jpg,18
28,2021-01-29T00:01:29Z,2021-01-29T18:00:00Z,22,CheliTeam,No Tags,ROSCA DE RETOS | NO SALIO COMO ESPERAMOS ü§¢ ü§Æ,95945,16624,81,677,,UC-pJYfk0iVqbSZWGPUymJ8w,https://youtu.be/SWfRbdxNigs,https://i.ytimg.com/vi/SWfRbdxNigs/mqdefault.jpg,18
29,2021-01-28T18:00:11Z,2021-01-29T18:00:00Z,22,Kike Prida,No Tags,TERMINO CON LA NI√ëA QUE M√ÅS HE QUERIDO üíîüò¢,100304,7644,218,679,"Compra mi Ebook 12 claves para iniciar un negocio exitoso: 
https://kpshop.mx/producto/ebook-12-claves-para-iniciar-un-negocio-exitoso/ 

S√≠gueme en Instagram:
@Kikeprida https://www.instagram.com/kikeprida/
@kptuningautocenter https://www.instagram.com/kptuningautocenter/

Suscr√≠bete a nuestros otros canales:
Velocidad 
https://www.youtube.com/channel/UC7-Y_rdHdfdj9XiZ32JqYMg
Olympus DZKP
https://www.youtube.com/channel/UCdmBCPtbJ4Xa2kt0XslJu9g",UCTBrjQ9mW2W_wc_qJ9-bJHw,https://youtu.be/iTJAb_e7UJg,https://i.ytimg.com/vi/iTJAb_e7UJg/mqdefault.jpg,18
30,2021-01-27T20:00:10Z,2021-01-29T18:00:00Z,10,Gera MX,"['Gera MX', 'Gera MXM']","Gera Mx, ToteKing - Nunca Sabr√°s Cuanto (Video Oficial)",494114,63955,678,4471,"Gera Mx, ToteKing - Nunca Sabr√°s Cu√°nto (Video Oficial) 
#GeraMX #ToteKing #NuncaSabr√°sCu√°nto

Prod. by Jayrick.
Scratch. Dj Sonicko. 
Video por Lemfilms x Fatou. 

üî• Escucha a Gera Mx en tu plataforma digital favorita: https://ONErpm.lnk.to/GeraMX

üõé  Sigue a Gera Mx en redes sociales: 
     - Facebook: https://www.facebook.com/GERAMX444/
     - Instagram: https://www.instagram.com/geramx1/
     - Spotify: https://cutt.ly/2yTo6wq

üõé Sigue A ToteKing en sus redes sociales
 ‚ÅÉ Facebook: https://www.facebook.com/ToteKingOficial78/
 ‚ÅÉ Instagram: https://www.instagram.com/totekingoficial/
 ‚ÅÉ Spotify: https://open.spotify.com/artist/224rbIjYbXaTI7lnP2ZMNJ?si=WHb4ikt0R62VSYTjYlUvyw

üéß Escucha el playlist oficial de Rich Vagos: 
https://smarturl.it/RichVagosSpotify

üåÜ Escucha lo mejor de la calle en ""Hits del Barrio""
https://smarturl.it/HitsDelBarrio

Rich Vagos Entertainment 2021",UCwEJBGLB1knx2pYESEvWDWg,https://youtu.be/7td2WDMA5MQ,https://i.ytimg.com/vi/7td2WDMA5MQ/mqdefault.jpg,18
31,2021-01-28T20:59:26Z,2021-01-29T18:00:00Z,26,Danna Alquati,"['danna alquati', 'imprimir dinero', 'inflaci√≥n', 'econom√≠a', 'por que no se puede imprimir m√°s dinero', 'devaluaci√≥n', 'rant', 'fact checking']",Mi problema con IMPRIMIR DINERO,261080,55754,274,4790,"Accede a todos los cursos de Crehana y especializaciones por todo un a√±o con un 25% dto. con mi c√≥digo: DANNA25
Link para Membres√≠a Premium: http://creha.co/danna-premium
Cursos gratis: http://creha.co/dn-cursosgratis
____
Contacto (trabajo): magicaldemonn@gmail.com 
_________
Si quieres apoyarme con un aporte econ√≥mico para seguir trayendo trabajos Como este puedes hacerlo en las siguientes plataformas:
PATREON: https://patreon.com/dannaalquati‚Äã
PAYPAL: https://www.paypal.me/dannaalquati‚Äã
_________________________
FUENTES UTILIZADAS:
Consensos sobre el 2% de inflaci√≥n:
""The Federal Open Market Committee (FOMC) judges that inflation of 2 percent over the longer run, as measured by the annual change in the price index for personal consumption expenditures, is most consistent with the Federal Reserve‚Äôs mandate for maximum employment and price stability."" 
https://www.federalreserve.gov/faqs/economy_14400.htm

""The primary objective of the ECB‚Äôs monetary policy is to maintain price stability. The ECB aims at inflation rates of below, but close to, 2% over the medium term."" https://www.ecb.europa.eu/mopo/html/index.en.html

Fact Checking del bulo de la marcha en Costa Rica:
- El Mundo: https://www.elmundo.cr/costa-rica/modifican-fotografias-para-desacreditar-marcha-del-orgullo-lgbti/
-  Naci√≥n: https://www.nacion.com/el-pais/politica/nocomacuento-fotografia-de-manta-del-frente/XVHIVKEPH5G77H6XUBABS7A4OI/story/
- Maldita.es: https://maldita.es/malditobulo/20200703/pancartas-pedofilia-colectivo-lgtbi/
_______
Un amigo hizo un fact checking del edit en el que est√°n adjuntados los screenshots reales de mi cuenta: https://gamergf.com.ve/danna-alquati-nunca-sugirio-que-los-paises-que-estan-mal-deben-imprimir-mas-billetes/
____________________________
‚ô° REDES SOCIALES‚ô°
-INSTAGRAM‚ô°: http://instagram.com/magicaldemon‚Äã
-TIKTOK‚ô°: https://www.tiktok.com/@dannaalquati‚Äã
__________
¬øMe quieres mandar algo? ‚ô°
Danna Alquati
Calea Bucurestilor nr. 96
MAGAZIN DIAMANT 
075100 
Otopeni, Ilfov - Romania
____________________________
Copyright Disclaimer Under Section 107 of the Copyright Act 1976

Copyright Disclaimer Under Section 107 of the Copyright Act 1976, allowance is made for ""fair use"" for purposes such as criticism, comment, news reporting, teaching, scholarship, and research. Fair use is a use permitted by copyright statute that might otherwise be infringing. Non-profit.",UChO9L4Y81951vHNg48ijxrw,https://youtu.be/HKD2B8qr-0A,https://i.ytimg.com/vi/HKD2B8qr-0A/mqdefault.jpg,18
32,2021-01-29T04:11:43Z,2021-01-29T18:00:00Z,27,Platzi,['platzi'],Reddit Vs. Wall Street | La manipulaci√≥n de la bolsa con GameStop,124478,12205,166,768,"ü§ë Aprende sobre finanzas en https://platzi.com/l/finanzas-yt/. Conocer√°s las claves y trucos para invertir tu dinero de la mejor manera.
----------------------------------------------------------------------

üëâ ¬øQu√© est√° pasando con Wall Street? Esta semana tuvimos el caso de GameStop y c√≥mo un grupo de adolescentes trollea a los grandes lobos de Wall Street.

Freddy Vega, CEO y cofundador de Platzi, te explicar√° todo lo necesario para que entiendas qu√© sucedi√≥ con GameStop, Robinhood, Wall Street y la gran red de foros Reddit.

#WallStreet #GameStop #Reddit

----------------------------------------------------------------------
Todo esto y m√°s, en https://platzi.com

S√≠guenos
Facebook: https://platzi.com/l/fHl6pows/
Twitter: https://platzi.com/l/0DJ5PONB/
Instagram: https://platzi.com/l/jt260ue0/

@escuela-platzi",UC55-mxUj5Nj3niXFReG44OQ,https://youtu.be/Ez9XyAGEORc,https://i.ytimg.com/vi/Ez9XyAGEORc/mqdefault.jpg,18
33,2021-01-28T10:09:01Z,2021-01-29T18:00:00Z,10,Selena Gomez - Topic,"['Selena Gomez', '„Çª„É¨„Éº„Éä„Ç¥„É°„Çπ', '„Çª„É¨„Éº„Éä„Éª„Ç¥„É°„Çπ', 'Rauw Alejandro', 'Baila Conmigo']",Baila Conmigo,228526,26617,408,23,"Provided to YouTube by Universal Music Group

Baila Conmigo ¬∑ Selena Gomez ¬∑ Rauw Alejandro

Baila Conmigo

‚Ñó 2021 Selena Gomez, under exclusive license to Interscope Records

Released on: 2021-01-29

Producer, Associated  Performer, Programming: Tainy
Producer, Associated  Performer, Programming: Albert Hype
Producer, Associated  Performer, Programming: Jota Rosa
Producer: NEON16
Studio  Personnel, Mixer: Serban Ghenea
Studio  Personnel, Mix  Engineer: John Hanes
Main  Artist: Rauw Alejandro
Associated  Performer, Background  Vocalist, Vocals: Selena Gomez
Associated  Performer, Background  Vocalist: Elena Rose
A &  R, Studio  Personnel, Production  Coordinator: John Janick
A &  R, Studio  Personnel, Production  Coordinator: Vanessa Angiuli
A &  R, Studio  Personnel, Production  Coordinator: Sam Riback
A &  R, Studio  Personnel, Production  Coordinator: Lex Borrero
A &  R, Studio  Personnel, Production  Coordinator: Ivanni Rodr√≠guez
Studio  Personnel, Production  Coordinator: Pablo Batista
Studio  Personnel, Production  Coordinator: Aleen Keshishian
Studio  Personnel, Production  Coordinator: Zack Morgenroth
Associated  Performer, Vocal  Producer, Studio  Personnel, Engineer: Bart Schoudel
Studio  Personnel, Engineer: Angelo Carretta
Studio  Personnel, Mastering  Engineer: Chris Gehringer
Composer  Lyricist: Abner Cordero Boria
Composer  Lyricist: Christopher Carballo Ramos
Composer  Lyricist: Alberto Carlos Melendez
Composer  Lyricist: Marco Masis
Composer  Lyricist: Elena Rose
Composer  Lyricist: Edgar Barrera
Composer  Lyricist: Selena Gomez
Composer  Lyricist: Alejandro Borrero
Composer  Lyricist: Ivanni Rodr√≠guez
Composer  Lyricist: Raul A Ocasio Ruiz
Composer  Lyricist: Jorge A. Diaz

Auto-generated by YouTube.",UCeBYRgPhy8kcRmIGQWKuqdQ,https://youtu.be/MGY3xXaNoI0,https://i.ytimg.com/vi/MGY3xXaNoI0/mqdefault.jpg,18
34,2021-01-28T20:05:23Z,2021-01-29T18:00:00Z,10,AfinArte Music,"['los dos de tamaulipas', 'dos de tamaulipas', 'tamaulipas', 'el agradecido', 'agradecido', 'los dos de tamaulipas el agradecido', 'el agradecido los dos de tamaulipas', 'dos de tamaulipas el agradecido', 'los dos de tamaulipas el agradecido letra', 'epicenter', 'mix', '2021', 'regional mexicano', 'regional mexican', 'm√∫sica', 'los dos de tamaulipas 2021', 'corridos', 'sierre√±o', 'banda', 'norte√±o', 'afinarte', 'afinarte music', 'el fantasma', 'los dos carnales', 'gerardo d√≠az']",Los Dos de Tamaulipas - El Agradecido (Video Oficial),189507,7873,140,454,"Suscr√≠bete aqu√≠: http://bit.ly/AfinArte
Escucha ""El Agradecido"" en tu plataforma favorita: https://backl.ink/144076747

Contrataciones: 
USA: (714) 277-5589
M√©xico: (443) 187-8559

Los Dos de Tamaulipas - El Agradecido (Video Oficial)

Localizada en Anaheim California, AfinArte Music es una disquera que desarrolla talento musical, representaci√≥n, promocional y editorial.

S√≠guenos en redes sociales:

AfinArte Music
Instagram: https://www.instagram.com/afinartemusic/
Facebook: https://www.facebook.com/Afinartemusic/

#LosDosDeTamaulipas  #AfinArteMusic #ElAgradecido",UCZ3pVT4hv4hgWwHpJHyTNRQ,https://youtu.be/LY7KVXMItGU,https://i.ytimg.com/vi/LY7KVXMItGU/mqdefault.jpg,18
35,2021-01-27T22:00:03Z,2021-01-29T18:00:00Z,20,RiusPlay,"['Rius', 'Riusplay', 'gta v', 'gta 5', 'los compas gtav', 'los compas', 'los compas gta 5', 'invictor', 'timba', 'timba vk', 'riusplay gta v', 'guerra de autos', 'guerra de autos en gta 5']",GUERRA DE AUTOS EN GTA 5 üòÇ AUTOS VS LOS COMPAS EN GTA V,1072083,50232,1591,1358,"Hoy jugamos GTA V con LOS COMPAS y hacemos una GUERRA DE AUTOS en GTA 5 ¬øquien ganara? ¬øTIMBA VK INVICTOR RIUSPLAY O MONDONGO?

Kinguin: https://kingu.in/riusplay
CANAL MUSICAL: https://www.youtube.com/channel/UC9pDSp89JIplJQNPr3_dUiw
HAZTE MIEMBRO DEL CANAL: https://www.youtube.com/channel/UCTXfzVSBZX2tnkbLf7ZU7rA/join
TIENDA RIUSPLAY: https://www.riusplay.com

Si te gusto el v√≠deo no dudes en suscribirte y compartirlo a todos tus amigos!! Deja en los comentarios que te ha parecido y dale LIKE!! :3
‚òÖSuscr√≠bete: https://www.youtube.com/channel/UCTXfzVSBZX2tnkbLf7ZU7rA?sub_confirmation=1
‚òÖTwitter: https://twitter.com/RiusPlay
‚òÖInstagram: https://www.instagram.com/riusplay/
‚òÖDISCORD: https://discord.gg/WZUpcUv

‚ÜíLOS COMPAS‚Üê
üëâMondongo: https://www.youtube.com/channel/UCFsdJI10ybHsCC9pZPt2wIw
üëâTimbaVk: https://www.youtube.com/user/MrTimbaVk
üëâInvictor: https://www.youtube.com/invictorgs3",UCTXfzVSBZX2tnkbLf7ZU7rA,https://youtu.be/LMGggGUu3fA,https://i.ytimg.com/vi/LMGggGUu3fA/mqdefault.jpg,18
36,2021-01-28T18:00:26Z,2021-01-29T18:00:00Z,24,Antrax,"['antrax', 'antrax reto', 'teamtrax', 'antrax youtube', 'alfredo valenzuela', 'reloj rolex', 'rolex antrax', 'rolex alfredo', 'antrax alfredo']","¬°APOSTAMOS NUESTROS RELOJES DE DIAMANTES en PIEDRA, PAPEL O TIJERA! - [ANTRAX] ‚ò£",1086137,158170,2875,5102,"‚òÖ‚òÖGRACIAS POR VER EL VIDEO, LIKE Y SUSCRIBETE PARA M√ÅS‚òÖ‚òÖ
‚ñ∫COMPRA LOS PRODUCTOS DE ANTRAX: https://store.gazer73.com/collections/antrax
‚ñ∫Canal de: @Alfredo Valenzuela 

‚ñ∫S√≠gueme en Instagram: https://www.instagram.com/YoSoyAntrax/
‚ñ∫S√≠gueme en Twitter: https://twitter.com/YoSoyAntrax
‚ñ∫S√≠gueme en Facebook: https://www.facebook.com/YoSoyAntrax

Correo para PROMOCIONES: antrax@gazer73.me
‚òÖ‚òÖ‚òÖ‚òÖ‚òÖ‚òÖ‚òÖ‚òÖ‚òÖ‚òÖ‚òÖ‚òÖ‚òÖ‚òÖ‚òÖ‚òÖ‚òÖ",UCNbwP-bKUlKrE_5qDwvFILQ,https://youtu.be/yJsSJPK70GM,https://i.ytimg.com/vi/yJsSJPK70GM/mqdefault.jpg,18
37,2021-01-27T20:30:11Z,2021-01-29T18:00:00Z,24,COLORIDAS,"['yolo aventuras', 'yolo', 'nando', 'broma', 'broma pesada', 'bromas', 'cracks', 'aventureros', 'broma a mi ex', 'tendencias', 'chile', 'mexico', 'argentina', 'peru', 'colombia', 'reto', 'retos', '7 segundos', 'extremo', 'broma extrema', 'beso', 'coloridas', 'las coloridas', 'titanes', 'skabeche', 'yoloaventura', 'polinesios', 'jukilop', 'fede', '24 horas', 'los polinesios', 'yolo aventura', 'yoloaventuras', 'luisito comunica', 'fede vigevani', 'los skabeche', 'coloridas tiktok', 'juan de dios pantoja', 'auronplay', 'challenge']",¬°YOLO Y SONI SE BESARON! EL RETO DE LOS 7 SEGUNDOS M√ÅS EXTREMO CON YOLO AVENTURAS - Coloridas,1528646,123925,5738,13804,"Yolo le gasta todos los diamantes de Free Fire a Yogui: 
https://youtu.be/_uCOjGkT45E

Yolo y Soni se besaron jugando el reto de los 7 segundos. 

S√≠guenos en Instagram:
LILA: https://cutt.ly/OjLHZZK‚Äã‚Äã
M√çA: https://cutt.ly/2jLHBs4‚Äã‚Äã
POLI: https://cutt.ly/WjLH9Dt‚Äã‚Äã
SONI: https://cutt.ly/8jLH6o2‚Äã‚Äã

S√≠guenos en TikTok:
LILA: https://cutt.ly/7jLJbPK‚Äã‚Äã
M√çA: https://cutt.ly/JjLJGOo‚Äã‚Äã
POLI: https://cutt.ly/RjLJ44e‚Äã‚Äã
SONI: https://cutt.ly/rjLKu36‚Äã‚Äã

S√≠guenos en Facebook: https://cutt.ly/7fpgMgA‚Äã‚Äã‚Äã‚Äã‚Äã‚Äã‚Äã

¬°Dale un likazo al video si quieres vernos de nuevo!

Sigue a nuestros amigos en Instagram:
YOLO: https://cutt.ly/QyvFG7U‚Äã‚Äã‚Äã‚Äã‚Äã‚Äã‚Äã
NANDO: https://cutt.ly/PyvFHnx‚Äã‚Äã
YOGUI: https://cutt.ly/bj7P71q
YAMIT: https://cutt.ly/GfHlWuN‚Äã
JOTA: https://bit.ly/2GAfwza‚Äã
MASCOTAS AVENTURERAS: https://bit.ly/3oYWGp0‚Äã
BACCO COLORIDO: https://bit.ly/3qymLMk

Sigue a nuestros amigos en TikTok:
YOLO: https://vm.tiktok.com/x7jjrH‚Äã‚Äã‚Äã‚Äã‚Äã‚Äã‚Äã
NANDO: https://vm.tiktok.com/x7YabR‚Äã‚Äã‚Äã‚Äã‚Äã‚Äã‚Äã

Suscr√≠bete a estos canales de Youtube:
YOLO AVENTURAS: https://cutt.ly/Qfphqac‚Äã‚Äã‚Äã‚Äã‚Äã‚Äã‚Äã
YOLO: https://youtu.be/GUDf3eBINFI‚Äã‚Äã‚Äã‚Äã‚Äã‚Äã‚Äã
NANDO: https://youtu.be/5CtVnmmncsg‚Äã‚Äã‚Äã‚Äã‚Äã‚Äã‚Äã

Suscr√≠bete a los canales de nuestros amigos:
  @YOLO AVENTURAS 
  @YOLO ‚Äã 
  @CRACKS 
  @NANDO ‚Äã 
  @TITANES  ‚Äã 
  @JAVI ‚Äã 

Sigue nuestra cuenta oficial yolodigitalproductions: https://cutt.ly/Ljb9Hm5‚Äã‚Äã‚Äã‚Äã‚Äã

Contacto - Publicidad: Coloridas@yolodigital.com",UCyY-7wXqcgo8y6eaPnXc_5g,https://youtu.be/2m-l97UOh2Y,https://i.ytimg.com/vi/2m-l97UOh2Y/mqdefault.jpg,18
38,2021-01-27T18:59:55Z,2021-01-29T18:00:00Z,24,Fergogodinez,"['Juca', 'Salomondrin', 'Alejandro', 'Salomon', 'ganque', 'tuning', 'modificaciones', 'carros', 'deportivo', 'challenger', 'srt', 'corvette', 'z07', 'r8', 'manuelrivera11', 'corvette super cargado', 'super carros', 'tunin', 'carros deportivos', 'toyota supra', 'supra alfredo', 'kike vs alfredo', 'fergogodinez', 'venta corvette', 'trading', 'forex', 'binomo', 'binarias', 'bitcoin', 'arrancones', 'autodromo', 'los toys', 'choque', 'accidente', 'choque bmw', 'accidente bmw', 'choque oswy', 'choque fergo', 'choque manuel rivera', 'accidente fergodinez', 'accidente oswy']",üò® As√≠ fue el CHOQUE de mi BMW con @Oswy L√≥pez  - ACCIDENTE que puede terminar en perdida TOTAL üò∞,217941,14135,305,258,"Les cuento como fue el accidente que tuve con @Oswy L√≥pez todo lo que pasamos y las lesiones que tuvimos, es muy triste ver como quedo el BMW
.
S√çGUEME!! 
üî¥Instagram: http://bit.ly/2vbeCCw
üü°Facebook: https://bit.ly/2YFCVbP
üü¢Gana Dinero: http://bit.ly/36Y2yXc",UCVLNEMuOHUpMi39ut4307sA,https://youtu.be/us-nIKDBKSc,https://i.ytimg.com/vi/us-nIKDBKSc/mqdefault.jpg,18
39,2021-01-28T00:32:07Z,2021-01-29T18:00:00Z,24,PapoMC,"['Papo', 'MC', 'Reacciones', 'lasbestiadelhardcore', 'bestia', 'hardcore', 'gaming', 'poker', 'rap', 'batalla de gallos', 'batallas de freestyle', 'fms', 'freestyle', 'improvisacion', 'musica', 'irl', 'trap twitch', 'streaming', 'stream', 'instagram', 'gordo forro', 'snowball', 'we are snowball', 'wearesnowball', 'Alejandro Andres Lococo', 'humor', 'diversion', 'calidad', 'risas']",POR ESTO ES DE MIS ARTISTAS PREFERIDOS | REACCI√ìN a YSY A - BZRP Music Sessions #37,777805,72467,867,1536,"Mirame en vivo en https://www.twitch.tv/papomc
Discord: https://discord.gg/PapoMC

üì∏ Seguime en Instagram :
https://www.instagram.com/labestiadelhardcore

üê¶ Seguime en Twitter:
https://twitter.com/papoyaexiste
https://twitter.com/PapoMcArg

Business/Media, por favor contactarme en:
contact@papomc.com

üé¨ Editor: https://twitter.com/zNickos
üé® Dise√±ador: https://twitter.com/RealwhOunz",UCLheucogviCR5Bh8pNktURQ,https://youtu.be/dEHoj7X2EKA,https://i.ytimg.com/vi/dEHoj7X2EKA/mqdefault.jpg,18
40,2021-01-27T01:41:30Z,2021-01-29T18:00:00Z,24,Antrax,"['antrax', 'antrax reto', 'teamtrax', 'antrax youtube', 'hipsosis', 'hipnoziz', 'hiptotiza', 'jhon milton', 'nos hiptotiza jhon milton']",¬°NOS HIPNOTIZAN EN VIVO! - ANTRAX ft. @Fede Vigevani @M√°s SKabeche‚Äã @Alfredo Valenzuela,2717981,220971,4549,6800,"¬°SUSCR√çBETE Y NO TE PIERDAS EL DIRECTO! ACTIVA LA CAMPANITA
‚òÖ‚òÖGRACIAS POR VER EL DIRECTO, LIKE Y SUSCRIBETE PARA M√ÅS‚òÖ‚òÖ
JOHN MILTON:
https://www.instagram.com/johnmiltonoficial/
https://twitter.com/JOHNMILTON7
https://www.facebook.com/JohnMiltonOficial
https://www.youtube.com/c/JohnMiltonOficial/



‚ñ∫COMPRA LOS PRODUCTOS DE ANTRAX: https://store.gazer73.com/collections/antrax
‚ñ∫S√≠gueme en Instagram: https://www.instagram.com/YoSoyAntrax/
‚ñ∫S√≠gueme en Twitter: https://twitter.com/YoSoyAntrax
‚ñ∫S√≠gueme en Facebook: https://www.facebook.com/YoSoyAntrax

Correo para PROMOCIONES: antrax@gazer73.me
‚òÖ‚òÖ‚òÖ‚òÖ‚òÖ‚òÖ‚òÖ‚òÖ‚òÖ‚òÖ‚òÖ‚òÖ‚òÖ‚òÖ‚òÖ‚òÖ‚òÖ

fede vigevani - Skabeche - Alfredo Valenzuela",UCNbwP-bKUlKrE_5qDwvFILQ,https://youtu.be/vkBMkKKWpMw,https://i.ytimg.com/vi/vkBMkKKWpMw/mqdefault.jpg,18
41,2021-01-28T15:41:59Z,2021-01-29T18:00:00Z,24,Markito Navajas,"['army', 'navaja', 'nvj', 'markitosnvj', 'markitos', 'marcos', 'reaccion', 'reaccion ysy a bzrp', 'reaccion ysy a', 'ysy a', 'markito navaja reacciona', 'markito navaja reacciona ysy a', 'REACCION a YSY A', 'reaccion BZRP Music Sessions #37', 'reaccionando', 'reaccionando a ysy a bzrp', 'marquito reacciona bizarrap', 'coscu reacciona a ysy a', 'coscu reacciona', 'coscu army', 'reacciones', 'twitch', 'papo', 'bestia', 'dtoke reacciona', 'ysy a bzrp', 'bzrp', 'bizarrap', 'bzrp session', 'bzrp session 37', 'reaccion a bzrp ysy a', 'bzrp 2021', 'session bzrp']",REACCION a YSY A || BZRP Music Sessions #37,421944,53986,421,1348,"markito navaja reacciona a YSY A || BZRP Music Sessions #37
‚ñ∂ùôàùôûùôßùôñùô¢ùôö ùôöùô£ ùô´ùôûùô´ùô§
https://www.twitch.tv/markitonavaja

‚ù§ùôéùôûùôúùô™ùôöùô¢ùôö ùôöùô£
https://www.instagram.com/marcos_nvj
https://twitter.com/MarkitoNavaja

Contacto: marcosnvj1@gmail.com

‚ûûùôÄùôôùôûùô©ùô§ùôß
https://www.instagram.com/jsmejia7 (video)
https://www.instagram.com/karimvicentin (miniatura)

Content manager
GastyG : https://www.instagram.com/gasty.g

Instagram de la MKN
https://www.instagram.com/mkn.oficial

bzrp ysya , bzrp session ysy a, session ysya , session 37, ysy-a bizarrap , ysy a bizarrap ,  BZRP Sessions 37 
REACCIONO a YSY A || BZRP Music Sessions #37 ,",UC2rWv1VOqOv2i2wgUc7UI_Q,https://youtu.be/coqcs8vmwsk,https://i.ytimg.com/vi/coqcs8vmwsk/mqdefault.jpg,18
42,2021-01-28T19:49:46Z,2021-01-29T18:00:00Z,28,QuantumFracture,"['cuantica vs relatividad', 'relatividad vs cuantica', 'fisica cuantica', 'mecanica cuantica', 'relatividad', 'relatividad especial', 'relatividad general', 'campos cuanticos', 'cuantica', 'cuantico', 'Einstein', 'relatividad cuantica odian', 'Planck', 'distancia de Planck', 'espaciotiempo', 'curvatura espaciotiempo', 'espacio tiempo', 'fisica', 'animacion', 'divulgacion', 'quantum', 'fracture', 'quantumfracture', 'Crespo', 'unificacion', 'teoria de cuerdas', 'teoria unificadora', 'teor√≠a del todo', 'gravedad cu√°ntica']",Cu√°ntica vs. Relatividad: ¬øPor qu√© se Odian?,206413,28227,166,997,"La Teor√≠a Cu√°ntica de Campos y la Relatividad General. Unificarlas en un sue√±o de la f√≠sica. Sin embargo, estas no acaban de encajar. La f√≠sica est√° dividida. Pero, ¬øpor qu√©?. 

Mil gracias a nuestros miembros por apoyarnos, y gracias especialmente a los Cu√°nticos y Planckianos que han elegido este tema para el PRIMER VIDEO DE MIEMBROS.

‚öõÔ∏èNo te pierdas ning√∫n v√≠deo: solo tienes que... SUSCRIBIRTE, ¬°es GRATIS!: https://www.youtube.com/user/QuantumFracture
üê¶¬°S√≠gueme en TWITTER! https://twitter.com/QuantumFracture
üìò¬°Y tambi√©n en FACEBOOK! https://www.facebook.com/QuantumFracture
üì∏¬°Y (s√≠, como no) tambi√©n en INSTAGRAM! https://instagram.com/quantumfracture/
üåê¬°Nuestra nueva web!  https://quantumfracture.es/

‚úä¬°HAZTE MIEMBRO DE QF! Incre√≠bles ventajas (elegir el tema de un v√≠deo, directo exclusivo, insignias, emojis...) te esperan https://www.youtube.com/user/QuantumFracture/join 

Complet√≠sima review sobre la Gravedad Cu√°ntica (Schulz, 2014): https://arxiv.org/abs/1409.7977v1 

En este paper pod√©is ver los principales problemas conceptuales sobre la Gravedad Cu√°ntica y la Cosmolog√≠a Cu√°ntica (Kiefer. 2013): http://dx.doi.org/10.1155/2013/509316 

Para poneros en antecedentes os dejamos estas listas de reproducci√≥n:

Relatividad General: https://www.youtube.com/watch?v=ESveYNa4OMk&list=PLOPFAg4mOJ10Ip3b63J3KseJEU4Uaf2Dr 

Relatividad Especial: https://www.youtube.com/watch?v=7guqO7eWkSg&list=PLOPFAg4mOJ11yefpxOdwSvdBQMz6YlPcB 

Cu√°ntica: https://www.youtube.com/watch?v=OABUuXQcnJQ&list=PLOPFAg4mOJ10rS1Sg9AWA6YA9A54v7XKK

F√≠sica de Part√≠culas: https://www.youtube.com/watch?v=Tsnyq-3k7Bg&list=PLOPFAg4mOJ11ng1uFCtTHc6kBqYVhOnLh 

El directo de Pablo y Javier sobre la Gravedad Cu√°ntica:
https://youtu.be/JglXXiB9mFM

Las fabulosas clases de Javier Garc√≠a:
https://www.youtube.com/c/JavierGarcia110/playlists


REFERENCIAS 

Desierto Palestina
Cr√©dito: Ralf Steinberger, flickr.com
https://www.flickr.com/photos/ralf-steinberger/39930606693

Grifo
Cr√©dito: Rawpixel Ltd, The New York Public Library, flickr.com
https://www.flickr.com/photos/vintage_illustration/44024944321

Contador Geiger
Cr√©dito: jim Pannucci, flickr.com
https://www.flickr.com/photos/pennuja/5399779754

Tubo de Crookes
Cr√©dito: Chetvorno, Jannis Andrija Schnitzer, wikicommons
https://commons.wikimedia.org/wiki/File:Glow_discharge_regions.jpg

Pelo Emo
Cr√©dito: Jos√© Serrano, wikicommons
https://commons.wikimedia.org/wiki/File:Emo_boy_03_in_rage.jpg

Boxeadores
Cr√©dito: US COast Guard Academy, flickr.com
https://www.flickr.com/photos/uscoastguardacademy/8632217854/

Las animaciones aqu√≠ mostradas no pretenden ser precisas, sino mostrar aspectos cualitativos. Tienen prop√≥sitos educativos.

-- EL MERCHANDISING DE QUANTUM FRACTURE --

L√°mina: EL √ÅRBOL DE QUANTUM FRACTURE
https://mastersoflol.com/product/el-arbol-de-quantum-fracture 

L√°mina: LOS 9 TIPOS DE UNIVERSOS
https://mastersoflol.com/product/los-9-tipos-de-universos  

L√°mina: DESMONTANDO EL MODELO DE LA TIERRA PLANA 
https://mastersoflol.com/product/desmontando-el-modelo-de-la-tierra-plana 

L√°mina: TRAP DEL TERRAPLANISMO
https://mastersoflol.com/product/trap-del-terraplanismo 

P√°gina de MASTERS OF LOL
https://mastersoflol.com/",UCbdSYaPD-lr1kW27UJuk8Pw,https://youtu.be/qchySE98pUc,https://i.ytimg.com/vi/qchySE98pUc/mqdefault.jpg,18
43,2021-01-28T03:00:08Z,2021-01-29T18:00:00Z,24,Roberto Mtz,"['Podcast', 'Creativo', 'Roberto Mtz', 'Cosas']",LA SALIDA DEL CARTEL DE SANTA,267705,10158,135,483,"Ll√©vate mi nuevo libro Creativo aqu√≠ https://robertomtz.com/

IG: http://instagram.com/robertomtztv
TW: http://twitter.com/#!/robertomtzTV
FB: http://www.facebook.com/robertomtzTV

CONTACTO/CONFERENCIAS: roberto@robertomtz.com",UCuyJTl3mDfdolxll5EIHejQ,https://youtu.be/rKtAU5S9sDA,https://i.ytimg.com/vi/rKtAU5S9sDA/mqdefault.jpg,18
44,2021-01-28T02:00:00Z,2021-01-29T18:00:00Z,24,DANIEL HABIF,"['daniel', 'habif', 'danie habif', 'inquebrantables', 'amor', 'dolor', 'perdon', 'dios', 'cristo', 'jesus', 'motivacion', 'poder', 'dinero', 'inspiracion', 'conferencista', 'ruge', 'cristiano', 'tony robbins', 'gary vee', 'diego dreyfus', 'simon sinek', 'maxwell', 'biblia']",¬øCU√ÅNDO DEJAR IR A ALGUIEN? - Daniel Habif,310074,31174,184,1527,"¬øCu√°ndo dejar ir a alguien?

Dejar ir a alguien puede ser uno de los saltos al vac√≠o m√°s espeluznantes que puede vivir el ser humano. Tal vez amamos como si nunca se fuesen a ir y eso tambi√©n est√° bien, ya que amar es all in, no se ama por partes, como si fueses descubriendo una baraja para saber si lo das todo, o al menos yo soy de esos, que no se van hasta que est√°n rotos y los sacan en pedazos.

Y si te pide espacio, tu reg√°lale el mundo entero. Siempre debemos tener en cuenta que no encontrar√°s restauraci√≥n junto a los que te rompieron. √Åmate tanto como quisieras que otros te amen.

#danielhabif
#Inquebrantables
____________________________________

Aqu√≠ puedes encontrar m√°s de mi contenido: 

Instagram: https://www.instagram.com/danielhabif
Facebook: https://www.facebook.com/danielhabifoficial
Twitter: https://twitter.com/DanielHabif 

Consigue mi libro: www.inquebrantablesellibro.com
Sitio web: www.danielhabif.com",UCwoMnHuOQrhKj7r4-Onh0wg,https://youtu.be/2pfkksjJSjA,https://i.ytimg.com/vi/2pfkksjJSjA/mqdefault.jpg,18
45,2021-01-27T02:40:59Z,2021-01-29T18:00:00Z,22,Markitos TOYS,"['regreso del pityn toys', 'los toys', 'markitos toys', 'el chiquete', 'el gordo arce', 'vitolias', 'culiacan']",EL REGRESO DEL PITYN CON LOS TOYS | MARKITOS TOYS,1580012,112830,1116,7175,"Plebada aqu√≠ les comparto el regreso de mi amigo PITYN TOYS , espero y sea de su total agrado este video , aqu√≠ todos andamos gustosos y contentos por el regreso de este chavalon ‚ù§Ô∏èüëäüèªüëåüèªüí™üèª.
‚Ä¢MI INSTAGRAM: https://instagram.com/markitostoys?igshid=vlh8ba4j6b63
‚Ä¢INSTAGRAM GORRAS MARKITOSTOYS: https://instagram.com/gorras_markitostoys?igshid=126rmy44hmwkt",UCEV2E_D3PWLm2tQU8hci3Qg,https://youtu.be/8eOILlmhy0o,https://i.ytimg.com/vi/8eOILlmhy0o/mqdefault.jpg,18
46,2021-01-27T18:30:02Z,2021-01-29T18:00:00Z,24,La Cocina Del Pirata,"['DESMINTIENDO LIFE HACK DE COMIDA 3 üí© ¬øEsto vale para algo?', 'desmintiendo lifehacks', 'life hack', 'trucos de comida', 'food life hack', 'trucos de cocina', 'life hack de comida', 'la cocina del pirata', 'desmintiendo life hack de comida', 'life hack pirata']",DESMINTIENDO LIFE HACK DE COMIDA 3 üí© ¬øEsto vale para algo?,859329,84853,1242,2377,"En este v√≠deo, alguno se libra! El de los huevos te vas a reir...

Muy buenas Grumetes! Hoy os traigo DESMINTIENDO LIFE HACK DE COMIDA 3 üí© ¬øEsto vale para algo?

üëâV√≠deos que he reaccionado:
üî•https://www.youtube.com/watch?v=1umqNA8vtJQ&t=777s
üî•https://www.youtube.com/watch?v=bCVhrTD9VQY&t=465s
üî•https://www.youtube.com/watch?v=n2Dd8bMuTP8&t=22s

üëâMi Instagram: https://www.instagram.com/cocinadelpirata/
üëâMi Twitter: https://twitter.com/cocinadelpirata?lang=es
üòç15% de DTO en www.pampling.com con el C√ìDIGO:
GRUMETE",UCmkj-Yx7IhPCYar95cRvVJQ,https://youtu.be/5xLQLeCl_pY,https://i.ytimg.com/vi/5xLQLeCl_pY/mqdefault.jpg,18
47,2021-01-27T23:01:49Z,2021-01-29T18:00:00Z,10,Gret Rocha,"['kunno', 'tiktok', 'kunno tiktok', 'kunno tiktoker', 'papi kunno', 'papi kunno canatando', 'kunno tal vez no', 'kunno cantando', 'kunno cancion', 'kunno canta', 'papi kunno tal vez no', 'canci√≥n papi kunno', 'vocal coach reacciona', 'gret rocha', 'clases de canto', 'vocal coach reacciona a kunno', 'reaccion a kunno', 'reacciona a kunno', 'reaccion a papiop kunno', 'Reaccion a tal vez no kunno']",KUNNO ¬øCANTA? Tal vez NO | VOCAL COACH REACCIONA | Gret Rocha,360628,38016,587,6119,"üé§ Platiquemos m√°s del nuevo MV7 de SHURE aqu√≠: http://bit.ly/ElMicrofonoMasCool

üéµCLASES DE CANTO ONLINE CONMIGO aqu√≠: http://bit.ly/ClasesDeCantoConGretRocha

Me har√≠as muy feliz si te unes a esta familia y me sigues en todas mis redes:
‚ù§Ô∏è SUSCR√çBETE: http://bit.ly/GretRochaYT
üíõ INSTAGRAM: http://bit.ly/GretRochaIN
üíô FACEBOOK: http://bit.ly/GretRochaFB
üñ§ TIKTOK: http://bit.ly/GretRochaTK
üíú P√ÅGINA OFICIAL: https://gretrocha.com
üíå CONTACTO:  gret@themediaexperience.com

#Kunno #VocalCoachReacciona

¬°Mi Gente Cantora! cada vez m√°s estrellas de internet quieren convertirse en cantantes, hoy toca analizar la voz de una estrella de Tiktok: Papi Kunno que recientemente sac√≥ su primera canci√≥n ""Tal vez no"", en este video intentaremos hacer un an√°lisis vocal desde un punto de vista profesional y neutral ¬øSer√° que canta o no?
 
D√©jenme en los comentarios su opini√≥n y qu√© cantante les gustar√≠a ver en mi pr√≥ximo video, a√∫n hay mucho talento que descubrir juntos  ;)

Gracias por ser parte de esta hermosa Familia Cantora, los amo con todo mi coraz√≥n cantor y recuerda ""conf√≠a en tu voz y a cantar"" :)

Vocal Coach reacciona a Kunno
Vocal Coach reacciona a Kunno cantando
Vocal Coach reacciona a Tal vez no de Kunno
Kunno
Papi Kunno
Kunno Tal vez no
Kunno an√°lisis vocal
Kunno Voz real
Kunno sin Autotune
Kunno acapella
An√°lisis de la voz de Kunno

CR√âDITOS:
Direcci√≥n, producci√≥n y edici√≥n: https://instagram.com/rubendazzel?igs...",UClI396MQtnfJMfZTl7f5J6Q,https://youtu.be/BSxu5mNJjAc,https://i.ytimg.com/vi/BSxu5mNJjAc/mqdefault.jpg,18
48,2021-01-27T18:47:32Z,2021-01-29T18:00:00Z,1,Fred Lammie,"['hablando mal', 'errores comunes castellano', 'errores comunes al hablar espa√±ol', 'la ortografia', 'el diccionario', 'fred lammie', 'casi creativo', 'musica tutoriales camisetas y mas']",Hablando Mal | Casi Creativo,792203,65697,816,3909,"Hablando mal. 
Casi Creativo, canal de v√≠deos animados, algunos entretenidos otros interesantes.
V√≠deo nuevo cada semana. Like, comenta y comparte! 
Gracias por suscribirte!
M√∫sica, tutoriales, camisetas y m√°s:
http://www.casicreativo.com",UCrueQugJZKCPQUpnAb1LxIg,https://youtu.be/llXlnvYRdCM,https://i.ytimg.com/vi/llXlnvYRdCM/mqdefault.jpg,18
49,2021-01-27T17:03:06Z,2021-01-29T18:00:00Z,26,Musas,"['ROPA', 'MODA', 'BELLEZA', 'KAREN POLINEISA', 'PPMARKET', 'NUEVAS MODAS', 'TENDENCIAS', 'LOS POLINESIOS', 'MUSAS', 'TENDECIAS DE MODA']",APRENDE A VESTIRTE CON SWAG | KAREN POLINESIA MUSAS LOS POLINESIOS,416397,31804,795,2461,"Ya disponible: www.myppmarket.com

Sigue las redes sociales de PPMARKET para estar enterado de TODO
Intagram @myppmarket
Facebook @myppmarket
Twitter @myppmarket

Mira aqu√≠ nuestro nuevo v√≠deo musical ‚ÄúFestival‚Äù 
https://youtu.be/w9Wkp3ygJmk

Escucha aqu√≠ nuestra nueva canci√≥n
 ‚ÄúFestival‚Äù en Spotify: http://bit.ly/Festivalspotify 
TENEMOS OTROS CANALES, DALES UN VISTAZO:
Bromas: http://www.youtube.com/platicapolinesa
Retos: http://www.youtube.com/ppextras
Vlogs: http://www.youtube.com/lospolinesios
Videojuegos: http://www.youtube.com/ppjuxiis

MIS REDES SOCIALES:
***Mi Facebook: http://www.facebook.com/TeamKaren
***Mi Twitter: http://www.twitter.com/PPTeamKaren
***Mi Instagram: http://www.instagram.com/PPTeamKaren


***SUSCRIBETE: http://www.youtube.com/subscription_center?add_user=ppmussas
CONTACTO: contacto@platicapolinesia.com


____________________________________________

Canal Musas | Platica Polinesia | PP",UClnKzwo9CPkYix6V9jK4JTQ,https://youtu.be/QgGMNfg3fxY,https://i.ytimg.com/vi/QgGMNfg3fxY/mqdefault.jpg,18
